signal_id,signal_ts,dte_bucket,underlying,strategy_type,contract_details,dte_actual,scanner_version,export_git_sha,signal_source,conviction_status,composite_score,predicted_pop,predicted_pop_source,weights_sum,spot_price,option_bid,option_ask,option_mark,option_mid,spread_pct,cost_drag_ratio,iv,iv_rank_252d,implied_move_to_expiry,realized_vol_20d,vrp,term_slope,volume,open_interest,earnings_days_away,time_of_day_bucket,entry_price_basis,entry_price,slippage_model,profit_definition,exit_rule,outcome,exit_ts,exit_price_basis,exit_price,exit_reason,pnl_usd_net,pnl_usd_gross,costs_usd,pnl_pct,r_multiple,mfe,mae,hold_minutes,elapsed_days,outcome_source,session_segment_score,gex_proxy,pnl_at_1tick_worse,theta_at_entry,vega_at_entry,component_1_name,component_1_raw,component_1_weight,component_1_direction,component_2_name,component_2_raw,component_2_weight,component_2_direction,component_3_name,component_3_raw,component_3_weight,component_3_direction,component_4_name,component_4_raw,component_4_weight,component_4_direction,component_5_name,component_5_raw,component_5_weight,component_5_direction,component_6_name,component_6_raw,component_6_weight,component_6_direction,component_7_name,component_7_raw,component_7_weight,component_7_direction,component_8_name,component_8_raw,component_8_weight,component_8_direction
live:rhb71880803e,2026-07-31T10:13:15.589000-04:00,0DTE,QQQ,bear_put_spread,S1x670P@2026-07-31 / B1x680P@2026-07-31,0,NA_no_data,7afa098,live,UNCALIBRATED,0.0,NA_no_data,NA_no_data,NA_no_data,0.0,NA_not_implemented,NA_not_implemented,NA_not_implemented,NA_not_implemented,NA_not_implemented,NA_not_implemented,NA_no_data,NA_no_data,NA_not_implemented,NA_not_implemented,NA_not_implemented,NA_not_implemented,NA_not_implemented,NA_not_implemented,NA_not_implemented,morning,actual_fill,2.24,none_real_fill,realized_close,discretionary human close,loss,2026-07-31T11:48:10.550000-04:00,actual_fill,NA_no_data,NA_no_data,-109.0,NA_no_data,NA_no_data,-0.4866,-0.4866,NA_not_implemented,NA_not_implemented,95,0,live_close,NA_not_implemented,NA_not_implemented,NA_not_implemented,NA_not_implemented,NA_not_implemented,NA_no_data,NA_no_data,NA_no_data,NA_no_data,NA_no_data,NA_no_data,NA_no_data,NA_no_data,NA_no_data,NA_no_data,NA_no_data,NA_no_data,NA_no_data,NA_no_data,NA_no_data,NA_no_data,NA_no_data,NA_no_data,NA_no_data,NA_no_data,NA_no_data,NA_no_data,NA_no_data,NA_no_data,NA_no_data,NA_no_data,NA_no_data,NA_no_data,NA_no_data,NA_no_data,NA_no_data,NA_no_data
live:rhdb5ac1ae88,2026-07-31T09:54:35.544000-04:00,0DTE,QQQ,bear_put_spread,S1x680P@2026-07-31 / B1x685P@2026-07-31,0,NA_no_data,7afa098,live,UNCALIBRATED,0.0,NA_no_data,NA_no_data,NA_no_data,0.0,NA_not_implemented,NA_not_implemented,NA_not_implemented,NA_not_implemented,NA_not_implemented,NA_not_implemented,NA_no_data,NA_no_data,NA_not_implemented,NA_not_implemented,NA_not_implemented,NA_not_implemented,NA_not_implemented,NA_not_implemented,NA_not_implemented,open,actual_fill,1.51,none_real_fill,realized_close,discretionary human close,win,2026-07-31T10:08:30.831000-04:00,actual_fill,NA_no_data,NA_no_data,99.0,NA_no_data,NA_no_data,0.6556,0.6556,NA_not_implemented,NA_not_implemented,14,0,live_close,NA_not_implemented,NA_not_implemented,NA_not_implemented,NA_not_implemented,NA_not_implemented,NA_no_data,NA_no_data,NA_no_data,NA_no_data,NA_no_data,NA_no_data,NA_no_data,NA_no_data,NA_no_data,NA_no_data,NA_no_data,NA_no_data,NA_no_data,NA_no_data,NA_no_data,NA_no_data,NA_no_data,NA_no_data,NA_no_data,NA_no_data,NA_no_data,NA_no_data,NA_no_data,NA_no_data,NA_no_data,NA_no_data,NA_no_data,NA_no_data,NA_no_data,NA_no_data,NA_no_data,NA_no_data
live:rha81d4045cf,2026-07-31T09:34:51.042000-04:00,0DTE,QQQ,long_call,B1x696C@2026-07-31,0,NA_no_data,7afa098,live,UNCALIBRATED,0.0,NA_no_data,NA_no_data,NA_no_data,0.0,NA_not_implemented,NA_not_implemented,NA_not_implemented,NA_not_implemented,NA_not_implemented,NA_not_implemented,NA_no_data,NA_no_data,NA_not_implemented,NA_not_implemented,NA_not_implemented,NA_not_implemented,NA_not_implemented,NA_not_implemented,NA_not_implemented,open,actual_fill,2.13,none_real_fill,realized_close,discretionary human close,loss,2026-07-31T09:40:06.312000-04:00,actual_fill,NA_no_data,NA_no_data,-80.0,NA_no_data,NA_no_data,-0.3756,-0.3756,NA_not_implemented,NA_not_implemented,5,0,live_close,NA_not_implemented,NA_not_implemented,NA_not_implemented,NA_not_implemented,NA_not_implemented,NA_no_data,NA_no_data,NA_no_data,NA_no_data,NA_no_data,NA_no_data,NA_no_data,NA_no_data,NA_no_data,NA_no_data,NA_no_data,NA_no_data,NA_no_data,NA_no_data,NA_no_data,NA_no_data,NA_no_data,NA_no_data,NA_no_data,NA_no_data,NA_no_data,NA_no_data,NA_no_data,NA_no_data,NA_no_data,NA_no_data,NA_no_data,NA_no_data,NA_no_data,NA_no_data,NA_no_data,NA_no_data
live:rhee6c0c99f3,2026-07-30T15:40:43.761000-04:00,LONG,IWM,bear_put_spread,S1x287P@2026-09-18 / B1x292P@2026-09-18,50,NA_no_data,7afa098,live,UNCALIBRATED,0.0,NA_no_data,NA_no_data,NA_no_data,0.0,NA_not_implemented,NA_not_implemented,NA_not_implemented,NA_not_implemented,NA_not_implemented,NA_not_implemented,NA_no_data,NA_no_data,NA_not_implemented,NA_not_implemented,NA_not_implemented,NA_not_implemented,NA_not_implemented,NA_not_implemented,NA_not_implemented,power_hour,actual_fill,1.84,none_real_fill,realized_close,discretionary human close,win,2026-07-31T11:20:45.839000-04:00,actual_fill,NA_no_data,NA_no_data,42.0,NA_no_data,NA_no_data,0.1141,0.1141,NA_not_implemented,NA_not_implemented,1180,1,live_close,NA_not_implemented,NA_not_implemented,NA_not_implemented,NA_not_implemented,NA_not_implemented,NA_no_data,NA_no_data,NA_no_data,NA_no_data,NA_no_data,NA_no_data,NA_no_data,NA_no_data,NA_no_data,NA_no_data,NA_no_data,NA_no_data,NA_no_data,NA_no_data,NA_no_data,NA_no_data,NA_no_data,NA_no_data,NA_no_data,NA_no_data,NA_no_data,NA_no_data,NA_no_data,NA_no_data,NA_no_data,NA_no_data,NA_no_data,NA_no_data,NA_no_data,NA_no_data,NA_no_data,NA_no_data
live:rha6cad08876,2026-07-30T15:28:20.095000-04:00,1-5DTE,TSLA,bull_call_spread,B1x322.5C@2026-07-31 / S1x332.5C@2026-07-31,1,NA_no_data,7afa098,live,UNCALIBRATED,0.0,NA_no_data,NA_no_data,NA_no_data,0.0,NA_not_implemented,NA_not_implemented,NA_not_implemented,NA_not_implemented,NA_not_implemented,NA_not_implemented,NA_no_data,NA_no_data,NA_not_implemented,NA_not_implemented,NA_not_implemented,NA_not_implemented,NA_not_implemented,NA_not_implemented,NA_not_implemented,power_hour,actual_fill,0.38,none_real_fill,realized_close,discretionary human close,loss,2026-07-31T11:45:38.104000-04:00,actual_fill,NA_no_data,NA_no_data,-144.0,NA_no_data,NA_no_data,-0.9474,-0.9474,NA_not_implemented,NA_not_implemented,1217,1,live_close,NA_not_implemented,NA_not_implemented,NA_not_implemented,NA_not_implemented,NA_not_implemented,NA_no_data,NA_no_data,NA_no_data,NA_no_data,NA_no_data,NA_no_data,NA_no_data,NA_no_data,NA_no_data,NA_no_data,NA_no_data,NA_no_data,NA_no_data,NA_no_data,NA_no_data,NA_no_data,NA_no_data,NA_no_data,NA_no_data,NA_no_data,NA_no_data,NA_no_data,NA_no_data,NA_no_data,NA_no_data,NA_no_data,NA_no_data,NA_no_data,NA_no_data,NA_no_data,NA_no_data,NA_no_data
live:rh7f0c5cbc66,2026-07-30T13:00:21.175000-04:00,1-5DTE,QQQ,bull_call_spread,B1x696C@2026-07-31 / S1x707C@2026-07-31,1,NA_no_data,7afa098,live,UNCALIBRATED,0.0,NA_no_data,NA_no_data,NA_no_data,0.0,NA_not_implemented,NA_not_implemented,NA_not_implemented,NA_not_implemented,NA_not_implemented,NA_not_implemented,NA_no_data,NA_no_data,NA_not_implemented,NA_not_implemented,NA_not_implemented,NA_not_implemented,NA_not_implemented,NA_not_implemented,NA_not_implemented,midday,actual_fill,0.38,none_real_fill,realized_close,discretionary human close,win,2026-07-30T15:23:46.934000-04:00,actual_fill,NA_no_data,NA_no_data,108.0,NA_no_data,NA_no_data,0.7105,0.7105,NA_not_implemented,NA_not_implemented,143,0,live_close,NA_not_implemented,NA_not_implemented,NA_not_implemented,NA_not_implemented,NA_not_implemented,NA_no_data,NA_no_data,NA_no_data,NA_no_data,NA_no_data,NA_no_data,NA_no_data,NA_no_data,NA_no_data,NA_no_data,NA_no_data,NA_no_data,NA_no_data,NA_no_data,NA_no_data,NA_no_data,NA_no_data,NA_no_data,NA_no_data,NA_no_data,NA_no_data,NA_no_data,NA_no_data,NA_no_data,NA_no_data,NA_no_data,NA_no_data,NA_no_data,NA_no_data,NA_no_data,NA_no_data,NA_no_data
live:rhfae7260aea,2026-07-30T10:45:40.356000-04:00,1-5DTE,TSLA,bear_put_spread,S1x295P@2026-07-31 / B1x305P@2026-07-31,1,NA_no_data,7afa098,live,UNCALIBRATED,0.0,NA_no_data,NA_no_data,NA_no_data,0.0,NA_not_implemented,NA_not_implemented,NA_not_implemented,NA_not_implemented,NA_not_implemented,NA_not_implemented,NA_no_data,NA_no_data,NA_not_implemented,NA_not_implemented,NA_not_implemented,NA_not_implemented,NA_not_implemented,NA_not_implemented,NA_not_implemented,morning,actual_fill,2.61,none_real_fill,realized_close,discretionary human close,loss,2026-07-31T11:51:45.361000-04:00,actual_fill,NA_no_data,NA_no_data,-181.0,NA_no_data,NA_no_data,-0.6935,-0.6935,NA_not_implemented,NA_not_implemented,1506,1,live_close,NA_not_implemented,NA_not_implemented,NA_not_implemented,NA_not_implemented,NA_not_implemented,NA_no_data,NA_no_data,NA_no_data,NA_no_data,NA_no_data,NA_no_data,NA_no_data,NA_no_data,NA_no_data,NA_no_data,NA_no_data,NA_no_data,NA_no_data,NA_no_data,NA_no_data,NA_no_data,NA_no_data,NA_no_data,NA_no_data,NA_no_data,NA_no_data,NA_no_data,NA_no_data,NA_no_data,NA_no_data,NA_no_data,NA_no_data,NA_no_data,NA_no_data,NA_no_data,NA_no_data,NA_no_data
live:rh9df5240991,2026-07-28T12:10:20.110000-04:00,1-5DTE,TSLA,bear_put_spread,S1x297.5P@2026-07-31 / B1x307.5P@2026-07-31,3,NA_no_data,7afa098,live,UNCALIBRATED,0.0,NA_no_data,NA_no_data,NA_no_data,0.0,NA_not_implemented,NA_not_implemented,NA_not_implemented,NA_not_implemented,NA_not_implemented,NA_not_implemented,NA_no_data,NA_no_data,NA_not_implemented,NA_not_implemented,NA_not_implemented,NA_not_implemented,NA_not_implemented,NA_not_implemented,NA_not_implemented,midday,actual_fill,3.85,none_real_fill,realized_close,discretionary human close,win,2026-07-29T15:43:11.831000-04:00,actual_fill,NA_no_data,NA_no_data,233.0,NA_no_data,NA_no_data,0.6052,0.6052,NA_not_implemented,NA_not_implemented,1653,1,live_close,NA_not_implemented,NA_not_implemented,NA_not_implemented,NA_not_implemented,NA_not_implemented,NA_no_data,NA_no_data,NA_no_data,NA_no_data,NA_no_data,NA_no_data,NA_no_data,NA_no_data,NA_no_data,NA_no_data,NA_no_data,NA_no_data,NA_no_data,NA_no_data,NA_no_data,NA_no_data,NA_no_data,NA_no_data,NA_no_data,NA_no_data,NA_no_data,NA_no_data,NA_no_data,NA_no_data,NA_no_data,NA_no_data,NA_no_data,NA_no_data,NA_no_data,NA_no_data,NA_no_data,NA_no_data
live:rha6350b76bc,2026-07-28T10:29:15.929000-04:00,1-5DTE,IWM,bear_put_spread,S1x280P@2026-07-29 / B1x293P@2026-07-29,1,NA_no_data,7afa098,live,UNCALIBRATED,0.0,NA_no_data,NA_no_data,NA_no_data,0.0,NA_not_implemented,NA_not_implemented,NA_not_implemented,NA_not_implemented,NA_not_implemented,NA_not_implemented,NA_no_data,NA_no_data,NA_not_implemented,NA_not_implemented,NA_not_implemented,NA_not_implemented,NA_not_implemented,NA_not_implemented,NA_not_implemented,morning,actual_fill,3.17,none_real_fill,realized_close,discretionary human close,loss,2026-07-28T11:27:00.044000-04:00,actual_fill,NA_no_data,NA_no_data,-160.0,NA_no_data,NA_no_data,-0.5047,-0.5047,NA_not_implemented,NA_not_implemented,58,0,live_close,NA_not_implemented,NA_not_implemented,NA_not_implemented,NA_not_implemented,NA_not_implemented,NA_no_data,NA_no_data,NA_no_data,NA_no_data,NA_no_data,NA_no_data,NA_no_data,NA_no_data,NA_no_data,NA_no_data,NA_no_data,NA_no_data,NA_no_data,NA_no_data,NA_no_data,NA_no_data,NA_no_data,NA_no_data,NA_no_data,NA_no_data,NA_no_data,NA_no_data,NA_no_data,NA_no_data,NA_no_data,NA_no_data,NA_no_data,NA_no_data,NA_no_data,NA_no_data,NA_no_data,NA_no_data
sd:05c6136e8f66,2026-07-28T10:01:09.477635-04:00,0DTE,IWM,long_put,B1x292P@2026-07-28,0,sd-scoring-2026.07-v3,7afa098,scan,UNCALIBRATED,0.6661,NA_no_data,NA_no_data,100.0,0.0,NA_not_implemented,NA_not_implemented,NA_not_implemented,NA_not_implemented,NA_not_implemented,NA_not_implemented,NA_no_data,NA_no_data,NA_not_implemented,NA_not_implemented,NA_not_implemented,NA_not_implemented,NA_not_implemented,NA_not_implemented,NA_not_implemented,morning,modeled_mid,1.33,"commission_only; mid-to-mid marks, no synthetic slippage added",managed_exit_first_trigger,"target +50% of debit OR stop -50% of debit OR time stop at 0 DTE, whichever first; stop checked BEFORE target",loss,2026-07-28T22:57:39.765898-04:00,modeled_mid,NA_no_data,expiry,-135.3,-133.0,2.3,-1.0135,-1.0135,NA_not_implemented,NA_not_implemented,777,0,managed_policy,NA_not_implemented,NA_not_implemented,NA_not_implemented,NA_not_implemented,NA_not_implemented,price_structure,1.0,22.0,higher_raw_increases_score,market_alignment,0.534,15.0,higher_raw_increases_score,relvol_momentum,0.285,15.0,higher_raw_increases_score,flow_quality,0.178,10.0,higher_raw_increases_score,contract_liquidity,0.878,18.0,higher_raw_increases_score,volatility,1.0,10.0,higher_raw_increases_score,catalyst_news,0.3,5.0,higher_raw_increases_score,risk_reward,0.65,5.0,higher_raw_increases_score
live:rhdd3b46185f,2026-07-28T09:48:38.549000-04:00,1-5DTE,AMZN,bear_put_spread,S1x217.5P@2026-07-29 / B1x230P@2026-07-29,1,NA_no_data,7afa098,live,UNCALIBRATED,0.0,NA_no_data,NA_no_data,NA_no_data,0.0,NA_not_implemented,NA_not_implemented,NA_not_implemented,NA_not_implemented,NA_not_implemented,NA_not_implemented,NA_no_data,NA_no_data,NA_not_implemented,NA_not_implemented,NA_not_implemented,NA_not_implemented,NA_not_implemented,NA_not_implemented,NA_not_implemented,open,actual_fill,2.31,none_real_fill,realized_close,discretionary human close,loss,2026-07-28T11:41:58.796000-04:00,actual_fill,NA_no_data,NA_no_data,-35.0,NA_no_data,NA_no_data,-0.1515,-0.1515,NA_not_implemented,NA_not_implemented,113,0,live_close,NA_not_implemented,NA_not_implemented,NA_not_implemented,NA_not_implemented,NA_not_implemented,NA_no_data,NA_no_data,NA_no_data,NA_no_data,NA_no_data,NA_no_data,NA_no_data,NA_no_data,NA_no_data,NA_no_data,NA_no_data,NA_no_data,NA_no_data,NA_no_data,NA_no_data,NA_no_data,NA_no_data,NA_no_data,NA_no_data,NA_no_data,NA_no_data,NA_no_data,NA_no_data,NA_no_data,NA_no_data,NA_no_data,NA_no_data,NA_no_data,NA_no_data,NA_no_data,NA_no_data,NA_no_data
live:rh23bdb430e9,2026-07-28T09:44:10.364000-04:00,1-5DTE,NVDA,bear_put_spread,S1x182.5P@2026-07-29 / B1x192.5P@2026-07-29,1,NA_no_data,7afa098,live,UNCALIBRATED,0.0,NA_no_data,NA_no_data,NA_no_data,0.0,NA_not_implemented,NA_not_implemented,NA_not_implemented,NA_not_implemented,NA_not_implemented,NA_not_implemented,NA_no_data,NA_no_data,NA_not_implemented,NA_not_implemented,NA_not_implemented,NA_not_implemented,NA_not_implemented,NA_not_implemented,NA_not_implemented,open,actual_fill,1.89,none_real_fill,realized_close,discretionary human close,loss,2026-07-28T11:43:42.653000-04:00,actual_fill,NA_no_data,NA_no_data,-132.0,NA_no_data,NA_no_data,-0.6984,-0.6984,NA_not_implemented,NA_not_implemented,120,0,live_close,NA_not_implemented,NA_not_implemented,NA_not_implemented,NA_not_implemented,NA_not_implemented,NA_no_data,NA_no_data,NA_no_data,NA_no_data,NA_no_data,NA_no_data,NA_no_data,NA_no_data,NA_no_data,NA_no_data,NA_no_data,NA_no_data,NA_no_data,NA_no_data,NA_no_data,NA_no_data,NA_no_data,NA_no_data,NA_no_data,NA_no_data,NA_no_data,NA_no_data,NA_no_data,NA_no_data,NA_no_data,NA_no_data,NA_no_data,NA_no_data,NA_no_data,NA_no_data,NA_no_data,NA_no_data
sd:1e48bc6d512f,2026-07-27T14:28:46.829588-04:00,1-5DTE,IWM,bear_put_spread,B1x290P@2026-07-28 / S1x285P@2026-07-28,1,sd-scoring-2026.07-v3,7afa098,scan,UNCALIBRATED,0.6135,0.2128,bs_zero_drift_traded_expiry_iv,100.0,0.0,NA_not_implemented,NA_not_implemented,NA_not_implemented,NA_not_implemented,NA_not_implemented,NA_not_implemented,NA_no_data,NA_no_data,NA_not_implemented,NA_not_implemented,NA_not_implemented,NA_not_implemented,NA_not_implemented,NA_not_implemented,NA_not_implemented,midday,modeled_mid,0.52,"commission_only; mid-to-mid marks, no synthetic slippage added",managed_exit_first_trigger,"target +50% of debit OR stop -50% of debit OR time stop at 0 DTE, whichever first; stop checked BEFORE target",loss,2026-07-28T22:57:39.765898-04:00,modeled_mid,NA_no_data,stop_loss,-55.6,-52.0,3.6,-1.0796,-1.0796,NA_not_implemented,NA_not_implemented,1949,1,managed_policy,NA_not_implemented,NA_not_implemented,NA_not_implemented,NA_not_implemented,NA_not_implemented,price_structure,1.0,22.0,higher_raw_increases_score,market_alignment,0.534,15.0,higher_raw_increases_score,relvol_momentum,0.0,15.0,higher_raw_increases_score,flow_quality,0.47,10.0,higher_raw_increases_score,contract_liquidity,0.841,18.0,higher_raw_increases_score,volatility,0.5,10.0,higher_raw_increases_score,catalyst_news,0.3,5.0,higher_raw_increases_score,risk_reward,1.0,5.0,higher_raw_increases_score
sd:ae8c94f7c2a5,2026-07-27T14:28:46.829588-04:00,0DTE,META,bear_put_spread,B1x592.5P@2026-07-27 / S1x590P@2026-07-27,0,sd-scoring-2026.07-v3,7afa098,scan,UNCALIBRATED,0.5127,NA_no_data,NA_no_data,100.0,0.0,NA_not_implemented,NA_not_implemented,NA_not_implemented,NA_not_implemented,NA_not_implemented,NA_not_implemented,NA_no_data,NA_no_data,NA_not_implemented,NA_not_implemented,NA_not_implemented,NA_not_implemented,NA_not_implemented,NA_not_implemented,NA_not_implemented,midday,modeled_mid,0.52,"commission_only; mid-to-mid marks, no synthetic slippage added",managed_exit_first_trigger,"target +50% of debit OR stop -50% of debit OR time stop at 0 DTE, whichever first; stop checked BEFORE target",loss,2026-07-28T22:57:39.765898-04:00,modeled_mid,NA_no_data,expiry,-55.6,-52.0,3.6,-1.0796,-1.0796,NA_not_implemented,NA_not_implemented,1949,0,managed_policy,NA_not_implemented,NA_not_implemented,NA_not_implemented,NA_not_implemented,NA_not_implemented,price_structure,1.0,22.0,higher_raw_increases_score,market_alignment,0.534,15.0,higher_raw_increases_score,relvol_momentum,0.015,15.0,higher_raw_increases_score,flow_quality,0.117,10.0,higher_raw_increases_score,contract_liquidity,0.371,18.0,higher_raw_increases_score,volatility,0.669,10.0,higher_raw_increases_score,catalyst_news,0.3,5.0,higher_raw_increases_score,risk_reward,1.0,5.0,higher_raw_increases_score
sd:f2e6efdba47f,2026-07-27T14:28:46.829588-04:00,0DTE,META,bear_put_spread,B1x592.5P@2026-07-27 / S1x590P@2026-07-27,0,sd-scoring-2026.07-v3,7afa098,scan,UNCALIBRATED,0.5127,NA_no_data,NA_no_data,100.0,0.0,NA_not_implemented,NA_not_implemented,NA_not_implemented,NA_not_implemented,NA_not_implemented,NA_not_implemented,NA_no_data,NA_no_data,NA_not_implemented,NA_not_implemented,NA_not_implemented,NA_not_implemented,NA_not_implemented,NA_not_implemented,NA_not_implemented,midday,modeled_mid,0.52,"commission_only; mid-to-mid marks, no synthetic slippage added",managed_exit_first_trigger,"target +50% of debit OR stop -50% of debit OR time stop at 0 DTE, whichever first; stop checked BEFORE target",loss,2026-07-28T22:57:39.765898-04:00,modeled_mid,NA_no_data,expiry,-55.6,-52.0,3.6,-1.0796,-1.0796,NA_not_implemented,NA_not_implemented,1949,0,managed_policy,NA_not_implemented,NA_not_implemented,NA_not_implemented,NA_not_implemented,NA_not_implemented,price_structure,1.0,22.0,higher_raw_increases_score,market_alignment,0.534,15.0,higher_raw_increases_score,relvol_momentum,0.015,15.0,higher_raw_increases_score,flow_quality,0.117,10.0,higher_raw_increases_score,contract_liquidity,0.371,18.0,higher_raw_increases_score,volatility,0.669,10.0,higher_raw_increases_score,catalyst_news,0.3,5.0,higher_raw_increases_score,risk_reward,1.0,5.0,higher_raw_increases_score
live:rh9b95a8a5c7,2026-07-27T11:48:56.953000-04:00,1-5DTE,TSLA,bear_put_spread,S1x285P@2026-07-31 / B1x300P@2026-07-31,4,NA_no_data,7afa098,live,UNCALIBRATED,0.0,NA_no_data,NA_no_data,NA_no_data,0.0,NA_not_implemented,NA_not_implemented,NA_not_implemented,NA_not_implemented,NA_not_implemented,NA_not_implemented,NA_no_data,NA_no_data,NA_not_implemented,NA_not_implemented,NA_not_implemented,NA_not_implemented,NA_not_implemented,NA_not_implemented,NA_not_implemented,morning,actual_fill,3.06,none_real_fill,realized_close,discretionary human close,loss,2026-07-28T11:49:14.975000-04:00,actual_fill,NA_no_data,NA_no_data,-69.0,NA_no_data,NA_no_data,-0.2255,-0.2255,NA_not_implemented,NA_not_implemented,1440,1,live_close,NA_not_implemented,NA_not_implemented,NA_not_implemented,NA_not_implemented,NA_not_implemented,NA_no_data,NA_no_data,NA_no_data,NA_no_data,NA_no_data,NA_no_data,NA_no_data,NA_no_data,NA_no_data,NA_no_data,NA_no_data,NA_no_data,NA_no_data,NA_no_data,NA_no_data,NA_no_data,NA_no_data,NA_no_data,NA_no_data,NA_no_data,NA_no_data,NA_no_data,NA_no_data,NA_no_data,NA_no_data,NA_no_data,NA_no_data,NA_no_data,NA_no_data,NA_no_data,NA_no_data,NA_no_data
live:rha1f4edd028,2026-07-27T11:36:19.766000-04:00,LONG,MARA,long_put,B1x10P@2026-08-21,25,NA_no_data,7afa098,live,UNCALIBRATED,0.0,NA_no_data,NA_no_data,NA_no_data,0.0,NA_not_implemented,NA_not_implemented,NA_not_implemented,NA_not_implemented,NA_not_implemented,NA_not_implemented,NA_no_data,NA_no_data,NA_not_implemented,NA_not_implemented,NA_not_implemented,NA_not_implemented,NA_not_implemented,NA_not_implemented,NA_not_implemented,morning,actual_fill,0.52,none_real_fill,realized_close,discretionary human close,win,2026-07-28T11:45:23.220000-04:00,actual_fill,NA_no_data,NA_no_data,4.0,NA_no_data,NA_no_data,0.0385,0.0385,NA_not_implemented,NA_not_implemented,1449,1,live_close,NA_not_implemented,NA_not_implemented,NA_not_implemented,NA_not_implemented,NA_not_implemented,NA_no_data,NA_no_data,NA_no_data,NA_no_data,NA_no_data,NA_no_data,NA_no_data,NA_no_data,NA_no_data,NA_no_data,NA_no_data,NA_no_data,NA_no_data,NA_no_data,NA_no_data,NA_no_data,NA_no_data,NA_no_data,NA_no_data,NA_no_data,NA_no_data,NA_no_data,NA_no_data,NA_no_data,NA_no_data,NA_no_data,NA_no_data,NA_no_data,NA_no_data,NA_no_data,NA_no_data,NA_no_data
live:rhb7741f60d6,2026-07-27T11:20:30.875000-04:00,0DTE,NVDA,long_put,B1x192.5P@2026-07-27,0,NA_no_data,7afa098,live,UNCALIBRATED,0.0,NA_no_data,NA_no_data,NA_no_data,0.0,NA_not_implemented,NA_not_implemented,NA_not_implemented,NA_not_implemented,NA_not_implemented,NA_not_implemented,NA_no_data,NA_no_data,NA_not_implemented,NA_not_implemented,NA_not_implemented,NA_not_implemented,NA_not_implemented,NA_not_implemented,NA_not_implemented,morning,actual_fill,0.13,none_real_fill,managed_exit_first_trigger,"target +50% of debit OR stop -50% of debit OR time stop at 7 DTE, whichever first; stop checked BEFORE target",loss,2026-07-28T22:57:39.765898-04:00,actual_fill,NA_no_data,expiry,-76.5,-65.0,11.5,-1.1769,-1.1769,NA_not_implemented,NA_not_implemented,2137,0,managed_policy,NA_not_implemented,NA_not_implemented,NA_not_implemented,NA_not_implemented,NA_not_implemented,NA_no_data,NA_no_data,NA_no_data,NA_no_data,NA_no_data,NA_no_data,NA_no_data,NA_no_data,NA_no_data,NA_no_data,NA_no_data,NA_no_data,NA_no_data,NA_no_data,NA_no_data,NA_no_data,NA_no_data,NA_no_data,NA_no_data,NA_no_data,NA_no_data,NA_no_data,NA_no_data,NA_no_data,NA_no_data,NA_no_data,NA_no_data,NA_no_data,NA_no_data,NA_no_data,NA_no_data,NA_no_data
sd:8532927adff4,2026-07-27T10:51:10.012836-04:00,1-5DTE,SPY,bear_put_spread,B1x728P@2026-07-28 / S1x716P@2026-07-28,1,sd-scoring-2026.07-v3,7afa098,scan,UNCALIBRATED,0.6161,0.069,bs_zero_drift_traded_expiry_iv,100.0,0.0,NA_not_implemented,NA_not_implemented,NA_not_implemented,NA_not_implemented,NA_not_implemented,NA_not_implemented,NA_no_data,NA_no_data,NA_not_implemented,NA_not_implemented,NA_not_implemented,NA_not_implemented,NA_not_implemented,NA_not_implemented,NA_not_implemented,morning,modeled_mid,0.5,"commission_only; mid-to-mid marks, no synthetic slippage added",managed_exit_first_trigger,"target +50% of debit OR stop -50% of debit OR time stop at 0 DTE, whichever first; stop checked BEFORE target",loss,2026-07-28T22:57:39.765898-04:00,modeled_mid,NA_no_data,stop_loss,-53.6,-50.0,3.6,-1.072,-1.072,NA_not_implemented,NA_not_implemented,2166,1,managed_policy,NA_not_implemented,NA_not_implemented,NA_not_implemented,NA_not_implemented,NA_not_implemented,price_structure,1.0,22.0,higher_raw_increases_score,market_alignment,0.534,15.0,higher_raw_increases_score,relvol_momentum,0.029,15.0,higher_raw_increases_score,flow_quality,0.253,10.0,higher_raw_increases_score,contract_liquidity,0.952,18.0,higher_raw_increases_score,volatility,0.5,10.0,higher_raw_increases_score,catalyst_news,0.3,5.0,higher_raw_increases_score,risk_reward,1.0,5.0,higher_raw_increases_score
sd:b8c94968cdb4,2026-07-27T10:51:10.012836-04:00,1-5DTE,QQQ,bear_put_spread,B1x660P@2026-07-28 / S1x642P@2026-07-28,1,sd-scoring-2026.07-v3,7afa098,scan,UNCALIBRATED,0.6466,0.0517,bs_zero_drift_traded_expiry_iv,100.0,0.0,NA_not_implemented,NA_not_implemented,NA_not_implemented,NA_not_implemented,NA_not_implemented,NA_not_implemented,NA_no_data,NA_no_data,NA_not_implemented,NA_not_implemented,NA_not_implemented,NA_not_implemented,NA_not_implemented,NA_not_implemented,NA_not_implemented,morning,modeled_mid,0.57,"commission_only; mid-to-mid marks, no synthetic slippage added",managed_exit_first_trigger,"target +50% of debit OR stop -50% of debit OR time stop at 0 DTE, whichever first; stop checked BEFORE target",loss,2026-07-28T22:57:39.765898-04:00,modeled_mid,NA_no_data,stop_loss,-60.6,-57.0,3.6,-1.0539,-1.0539,NA_not_implemented,NA_not_implemented,2166,1,managed_policy,NA_not_implemented,NA_not_implemented,NA_not_implemented,NA_not_implemented,NA_not_implemented,price_structure,1.0,22.0,higher_raw_increases_score,market_alignment,0.534,15.0,higher_raw_increases_score,relvol_momentum,0.298,15.0,higher_raw_increases_score,flow_quality,0.165,10.0,higher_raw_increases_score,contract_liquidity,0.946,18.0,higher_raw_increases_score,volatility,0.5,10.0,higher_raw_increases_score,catalyst_news,0.3,5.0,higher_raw_increases_score,risk_reward,1.0,5.0,higher_raw_increases_score
sd:ba7a026569e9,2026-07-27T10:51:10.012836-04:00,1-5DTE,IWM,bear_put_spread,B1x289P@2026-07-28 / S1x285P@2026-07-28,1,sd-scoring-2026.07-v3,7afa098,scan,UNCALIBRATED,0.5898,0.1652,bs_zero_drift_traded_expiry_iv,100.0,0.0,NA_not_implemented,NA_not_implemented,NA_not_implemented,NA_not_implemented,NA_not_implemented,NA_not_implemented,NA_no_data,NA_no_data,NA_not_implemented,NA_not_implemented,NA_not_implemented,NA_not_implemented,NA_not_implemented,NA_not_implemented,NA_not_implemented,morning,modeled_mid,0.4,"commission_only; mid-to-mid marks, no synthetic slippage added",managed_exit_first_trigger,"target +50% of debit OR stop -50% of debit OR time stop at 0 DTE, whichever first; stop checked BEFORE target",loss,2026-07-28T22:57:39.765898-04:00,modeled_mid,NA_no_data,stop_loss,-43.6,-40.0,3.6,-1.1038,-1.1038,NA_not_implemented,NA_not_implemented,2166,1,managed_policy,NA_not_implemented,NA_not_implemented,NA_not_implemented,NA_not_implemented,NA_not_implemented,price_structure,1.0,22.0,higher_raw_increases_score,market_alignment,0.534,15.0,higher_raw_increases_score,relvol_momentum,0.0,15.0,higher_raw_increases_score,flow_quality,0.204,10.0,higher_raw_increases_score,contract_liquidity,0.857,18.0,higher_raw_increases_score,volatility,0.5,10.0,higher_raw_increases_score,catalyst_news,0.3,5.0,higher_raw_increases_score,risk_reward,1.0,5.0,higher_raw_increases_score
sd:6ee7e06e816f,2026-07-27T10:51:10.012836-04:00,1-5DTE,IWM,bear_put_spread,B1x289P@2026-07-28 / S1x285P@2026-07-28,1,sd-scoring-2026.07-v3,7afa098,scan,UNCALIBRATED,0.5898,0.1652,bs_zero_drift_traded_expiry_iv,100.0,0.0,NA_not_implemented,NA_not_implemented,NA_not_implemented,NA_not_implemented,NA_not_implemented,NA_not_implemented,NA_no_data,NA_no_data,NA_not_implemented,NA_not_implemented,NA_not_implemented,NA_not_implemented,NA_not_implemented,NA_not_implemented,NA_not_implemented,morning,modeled_mid,0.4,"commission_only; mid-to-mid marks, no synthetic slippage added",managed_exit_first_trigger,"target +50% of debit OR stop -50% of debit OR time stop at 0 DTE, whichever first; stop checked BEFORE target",loss,2026-07-28T22:57:39.765898-04:00,modeled_mid,NA_no_data,stop_loss,-43.6,-40.0,3.6,-1.1038,-1.1038,NA_not_implemented,NA_not_implemented,2166,1,managed_policy,NA_not_implemented,NA_not_implemented,NA_not_implemented,NA_not_implemented,NA_not_implemented,price_structure,1.0,22.0,higher_raw_increases_score,market_alignment,0.534,15.0,higher_raw_increases_score,relvol_momentum,0.0,15.0,higher_raw_increases_score,flow_quality,0.204,10.0,higher_raw_increases_score,contract_liquidity,0.857,18.0,higher_raw_increases_score,volatility,0.5,10.0,higher_raw_increases_score,catalyst_news,0.3,5.0,higher_raw_increases_score,risk_reward,1.0,5.0,higher_raw_increases_score
sd:535278205e85,2026-07-27T10:51:10.012836-04:00,0DTE,AAPL,bull_call_spread,B1x340C@2026-07-27 / S1x342.5C@2026-07-27,0,sd-scoring-2026.07-v3,7afa098,scan,UNCALIBRATED,0.7489,NA_no_data,NA_no_data,100.0,0.0,NA_not_implemented,NA_not_implemented,NA_not_implemented,NA_not_implemented,NA_not_implemented,NA_not_implemented,NA_no_data,NA_no_data,NA_not_implemented,NA_not_implemented,NA_not_implemented,NA_not_implemented,NA_not_implemented,NA_not_implemented,NA_not_implemented,morning,modeled_mid,0.3,"commission_only; mid-to-mid marks, no synthetic slippage added",managed_exit_first_trigger,"target +50% of debit OR stop -50% of debit OR time stop at 0 DTE, whichever first; stop checked BEFORE target",loss,2026-07-28T22:57:39.765898-04:00,modeled_mid,NA_no_data,expiry,-33.6,-30.0,3.6,-1.1016,-1.1016,NA_not_implemented,NA_not_implemented,2166,0,managed_policy,NA_not_implemented,NA_not_implemented,NA_not_implemented,NA_not_implemented,NA_not_implemented,price_structure,1.0,22.0,higher_raw_increases_score,market_alignment,0.666,15.0,higher_raw_increases_score,relvol_momentum,0.657,15.0,higher_raw_increases_score,flow_quality,0.2,10.0,higher_raw_increases_score,contract_liquidity,0.808,18.0,higher_raw_increases_score,volatility,1.0,10.0,higher_raw_increases_score,catalyst_news,0.3,5.0,higher_raw_increases_score,risk_reward,1.0,5.0,higher_raw_increases_score
sd:e250eaff475b,2026-07-27T10:51:10.012836-04:00,0DTE,NVDA,bear_put_spread,B1x197.5P@2026-07-27 / S1x192.5P@2026-07-27,0,sd-scoring-2026.07-v3,7afa098,scan,UNCALIBRATED,0.7827,NA_no_data,NA_no_data,100.0,0.0,NA_not_implemented,NA_not_implemented,NA_not_implemented,NA_not_implemented,NA_not_implemented,NA_not_implemented,NA_no_data,NA_no_data,NA_not_implemented,NA_not_implemented,NA_not_implemented,NA_not_implemented,NA_not_implemented,NA_not_implemented,NA_not_implemented,morning,modeled_mid,0.5,"commission_only; mid-to-mid marks, no synthetic slippage added",managed_exit_first_trigger,"target +50% of debit OR stop -50% of debit OR time stop at 0 DTE, whichever first; stop checked BEFORE target",win,2026-07-28T22:57:39.765898-04:00,modeled_mid,NA_no_data,expiry,45.4,49.0,3.6,0.908,0.908,NA_not_implemented,NA_not_implemented,2166,0,managed_policy,NA_not_implemented,NA_not_implemented,NA_not_implemented,NA_not_implemented,NA_not_implemented,price_structure,1.0,22.0,higher_raw_increases_score,market_alignment,0.534,15.0,higher_raw_increases_score,relvol_momentum,1.0,15.0,higher_raw_increases_score,flow_quality,0.165,10.0,higher_raw_increases_score,contract_liquidity,0.909,18.0,higher_raw_increases_score,volatility,0.875,10.0,higher_raw_increases_score,catalyst_news,0.3,5.0,higher_raw_increases_score,risk_reward,1.0,5.0,higher_raw_increases_score
sd:b97b96b42e11,2026-07-27T10:51:10.012836-04:00,0DTE,NVDA,bear_put_spread,B1x197.5P@2026-07-27 / S1x192.5P@2026-07-27,0,sd-scoring-2026.07-v3,7afa098,scan,UNCALIBRATED,0.7827,NA_no_data,NA_no_data,100.0,0.0,NA_not_implemented,NA_not_implemented,NA_not_implemented,NA_not_implemented,NA_not_implemented,NA_not_implemented,NA_no_data,NA_no_data,NA_not_implemented,NA_not_implemented,NA_not_implemented,NA_not_implemented,NA_not_implemented,NA_not_implemented,NA_not_implemented,morning,modeled_mid,0.5,"commission_only; mid-to-mid marks, no synthetic slippage added",managed_exit_first_trigger,"target +50% of debit OR stop -50% of debit OR time stop at 0 DTE, whichever first; stop checked BEFORE target",win,2026-07-28T22:57:39.765898-04:00,modeled_mid,NA_no_data,expiry,45.4,49.0,3.6,0.908,0.908,NA_not_implemented,NA_not_implemented,2166,0,managed_policy,NA_not_implemented,NA_not_implemented,NA_not_implemented,NA_not_implemented,NA_not_implemented,price_structure,1.0,22.0,higher_raw_increases_score,market_alignment,0.534,15.0,higher_raw_increases_score,relvol_momentum,1.0,15.0,higher_raw_increases_score,flow_quality,0.165,10.0,higher_raw_increases_score,contract_liquidity,0.909,18.0,higher_raw_increases_score,volatility,0.875,10.0,higher_raw_increases_score,catalyst_news,0.3,5.0,higher_raw_increases_score,risk_reward,1.0,5.0,higher_raw_increases_score
sd:d33048eaccb0,2026-07-27T10:51:10.012836-04:00,0DTE,AMD,bear_put_spread,B1x475P@2026-07-27 / S1x472.5P@2026-07-27,0,sd-scoring-2026.07-v3,7afa098,scan,UNCALIBRATED,0.6468,NA_no_data,NA_no_data,100.0,0.0,NA_not_implemented,NA_not_implemented,NA_not_implemented,NA_not_implemented,NA_not_implemented,NA_not_implemented,NA_no_data,NA_no_data,NA_not_implemented,NA_not_implemented,NA_not_implemented,NA_not_implemented,NA_not_implemented,NA_not_implemented,NA_not_implemented,morning,modeled_mid,0.41,"commission_only; mid-to-mid marks, no synthetic slippage added",managed_exit_first_trigger,"target +50% of debit OR stop -50% of debit OR time stop at 0 DTE, whichever first; stop checked BEFORE target",loss,2026-07-28T22:57:39.765898-04:00,modeled_mid,NA_no_data,expiry,-44.6,-41.0,3.6,-1.0747,-1.0747,NA_not_implemented,NA_not_implemented,2166,0,managed_policy,NA_not_implemented,NA_not_implemented,NA_not_implemented,NA_not_implemented,NA_not_implemented,price_structure,1.0,22.0,higher_raw_increases_score,market_alignment,0.534,15.0,higher_raw_increases_score,relvol_momentum,1.0,15.0,higher_raw_increases_score,flow_quality,0.115,10.0,higher_raw_increases_score,contract_liquidity,0.39,18.0,higher_raw_increases_score,volatility,0.5,10.0,higher_raw_increases_score,catalyst_news,0.3,5.0,higher_raw_increases_score,risk_reward,1.0,5.0,higher_raw_increases_score
sd:aa902f81e983,2026-07-27T10:51:10.012836-04:00,0DTE,META,bear_put_spread,B1x592.5P@2026-07-27 / S1x587.5P@2026-07-27,0,sd-scoring-2026.07-v3,7afa098,scan,UNCALIBRATED,0.4188,NA_no_data,NA_no_data,100.0,0.0,NA_not_implemented,NA_not_implemented,NA_not_implemented,NA_not_implemented,NA_not_implemented,NA_not_implemented,NA_no_data,NA_no_data,NA_not_implemented,NA_not_implemented,NA_not_implemented,NA_not_implemented,NA_not_implemented,NA_not_implemented,NA_not_implemented,morning,modeled_mid,0.52,"commission_only; mid-to-mid marks, no synthetic slippage added",managed_exit_first_trigger,"target +50% of debit OR stop -50% of debit OR time stop at 0 DTE, whichever first; stop checked BEFORE target",loss,2026-07-28T22:57:39.765898-04:00,modeled_mid,NA_no_data,expiry,-55.6,-52.0,3.6,-1.0796,-1.0796,NA_not_implemented,NA_not_implemented,2166,0,managed_policy,NA_not_implemented,NA_not_implemented,NA_not_implemented,NA_not_implemented,NA_not_implemented,price_structure,0.5,22.0,higher_raw_increases_score,market_alignment,0.534,15.0,higher_raw_increases_score,relvol_momentum,0.0,15.0,higher_raw_increases_score,flow_quality,0.113,10.0,higher_raw_increases_score,contract_liquidity,0.459,18.0,higher_raw_increases_score,volatility,0.698,10.0,higher_raw_increases_score,catalyst_news,0.3,5.0,higher_raw_increases_score,risk_reward,1.0,5.0,higher_raw_increases_score
sd:d72d60af26ab,2026-07-27T10:51:10.012836-04:00,0DTE,TSLA,bear_put_spread,B1x302.5P@2026-07-27 / S1x295P@2026-07-27,0,sd-scoring-2026.07-v3,7afa098,scan,UNCALIBRATED,0.7556,NA_no_data,NA_no_data,100.0,0.0,NA_not_implemented,NA_not_implemented,NA_not_implemented,NA_not_implemented,NA_not_implemented,NA_not_implemented,NA_no_data,NA_no_data,NA_not_implemented,NA_not_implemented,NA_not_implemented,NA_not_implemented,NA_not_implemented,NA_not_implemented,NA_not_implemented,morning,modeled_mid,0.57,"commission_only; mid-to-mid marks, no synthetic slippage added",managed_exit_first_trigger,"target +50% of debit OR stop -50% of debit OR time stop at 0 DTE, whichever first; stop checked BEFORE target",loss,2026-07-28T22:57:39.765898-04:00,modeled_mid,NA_no_data,expiry,-60.6,-57.0,3.6,-1.0632,-1.0632,NA_not_implemented,NA_not_implemented,2166,0,managed_policy,NA_not_implemented,NA_not_implemented,NA_not_implemented,NA_not_implemented,NA_not_implemented,price_structure,1.0,22.0,higher_raw_increases_score,market_alignment,0.534,15.0,higher_raw_increases_score,relvol_momentum,0.913,15.0,higher_raw_increases_score,flow_quality,0.153,10.0,higher_raw_increases_score,contract_liquidity,0.914,18.0,higher_raw_increases_score,volatility,0.737,10.0,higher_raw_increases_score,catalyst_news,0.3,5.0,higher_raw_increases_score,risk_reward,1.0,5.0,higher_raw_increases_score
sd:53f4b5e49d4a,2026-07-27T10:51:10.012836-04:00,0DTE,TSLA,bear_put_spread,B1x302.5P@2026-07-27 / S1x295P@2026-07-27,0,sd-scoring-2026.07-v3,7afa098,scan,UNCALIBRATED,0.7556,NA_no_data,NA_no_data,100.0,0.0,NA_not_implemented,NA_not_implemented,NA_not_implemented,NA_not_implemented,NA_not_implemented,NA_not_implemented,NA_no_data,NA_no_data,NA_not_implemented,NA_not_implemented,NA_not_implemented,NA_not_implemented,NA_not_implemented,NA_not_implemented,NA_not_implemented,morning,modeled_mid,0.57,"commission_only; mid-to-mid marks, no synthetic slippage added",managed_exit_first_trigger,"target +50% of debit OR stop -50% of debit OR time stop at 0 DTE, whichever first; stop checked BEFORE target",loss,2026-07-28T22:57:39.765898-04:00,modeled_mid,NA_no_data,expiry,-60.6,-57.0,3.6,-1.0632,-1.0632,NA_not_implemented,NA_not_implemented,2166,0,managed_policy,NA_not_implemented,NA_not_implemented,NA_not_implemented,NA_not_implemented,NA_not_implemented,price_structure,1.0,22.0,higher_raw_increases_score,market_alignment,0.534,15.0,higher_raw_increases_score,relvol_momentum,0.913,15.0,higher_raw_increases_score,flow_quality,0.153,10.0,higher_raw_increases_score,contract_liquidity,0.914,18.0,higher_raw_increases_score,volatility,0.737,10.0,higher_raw_increases_score,catalyst_news,0.3,5.0,higher_raw_increases_score,risk_reward,1.0,5.0,higher_raw_increases_score
sd:a0feb39fb997,2026-07-27T10:41:03.914185-04:00,1-5DTE,SPY,bear_put_spread,B1x727P@2026-07-28 / S1x715P@2026-07-28,1,sd-scoring-2026.07-v3,7afa098,scan,UNCALIBRATED,0.6347,0.078,bs_zero_drift_traded_expiry_iv,100.0,0.0,NA_not_implemented,NA_not_implemented,NA_not_implemented,NA_not_implemented,NA_not_implemented,NA_not_implemented,NA_no_data,NA_no_data,NA_not_implemented,NA_not_implemented,NA_not_implemented,NA_not_implemented,NA_not_implemented,NA_not_implemented,NA_not_implemented,morning,modeled_mid,0.58,"commission_only; mid-to-mid marks, no synthetic slippage added",managed_exit_first_trigger,"target +50% of debit OR stop -50% of debit OR time stop at 0 DTE, whichever first; stop checked BEFORE target",loss,2026-07-28T22:57:39.765898-04:00,modeled_mid,NA_no_data,stop_loss,-61.6,-58.0,3.6,-1.0621,-1.0621,NA_not_implemented,NA_not_implemented,2177,1,managed_policy,NA_not_implemented,NA_not_implemented,NA_not_implemented,NA_not_implemented,NA_not_implemented,price_structure,1.0,22.0,higher_raw_increases_score,market_alignment,0.534,15.0,higher_raw_increases_score,relvol_momentum,0.096,15.0,higher_raw_increases_score,flow_quality,0.293,10.0,higher_raw_increases_score,contract_liquidity,0.977,18.0,higher_raw_increases_score,volatility,0.5,10.0,higher_raw_increases_score,catalyst_news,0.3,5.0,higher_raw_increases_score,risk_reward,1.0,5.0,higher_raw_increases_score
sd:8e420a42da2d,2026-07-27T10:41:03.914185-04:00,0DTE,QQQ,bear_put_spread,B1x668P@2026-07-27 / S1x654P@2026-07-27,0,sd-scoring-2026.07-v3,7afa098,scan,UNCALIBRATED,0.6805,NA_no_data,NA_no_data,100.0,0.0,NA_not_implemented,NA_not_implemented,NA_not_implemented,NA_not_implemented,NA_not_implemented,NA_not_implemented,NA_no_data,NA_no_data,NA_not_implemented,NA_not_implemented,NA_not_implemented,NA_not_implemented,NA_not_implemented,NA_not_implemented,NA_not_implemented,morning,modeled_mid,0.52,"commission_only; mid-to-mid marks, no synthetic slippage added",managed_exit_first_trigger,"target +50% of debit OR stop -50% of debit OR time stop at 0 DTE, whichever first; stop checked BEFORE target",loss,2026-07-28T22:57:39.765898-04:00,modeled_mid,NA_no_data,expiry,-55.6,-52.0,3.6,-1.0692,-1.0692,NA_not_implemented,NA_not_implemented,2177,0,managed_policy,NA_not_implemented,NA_not_implemented,NA_not_implemented,NA_not_implemented,NA_not_implemented,price_structure,1.0,22.0,higher_raw_increases_score,market_alignment,0.534,15.0,higher_raw_increases_score,relvol_momentum,0.49,15.0,higher_raw_increases_score,flow_quality,0.182,10.0,higher_raw_increases_score,contract_liquidity,0.965,18.0,higher_raw_increases_score,volatility,0.5,10.0,higher_raw_increases_score,catalyst_news,0.3,5.0,higher_raw_increases_score,risk_reward,1.0,5.0,higher_raw_increases_score
sd:a23e998a3a04,2026-07-27T10:41:03.914185-04:00,1-5DTE,IWM,bear_put_spread,B1x289P@2026-07-28 / S1x285P@2026-07-28,1,sd-scoring-2026.07-v3,7afa098,scan,UNCALIBRATED,0.6132,0.213,bs_zero_drift_traded_expiry_iv,100.0,0.0,NA_not_implemented,NA_not_implemented,NA_not_implemented,NA_not_implemented,NA_not_implemented,NA_not_implemented,NA_no_data,NA_no_data,NA_not_implemented,NA_not_implemented,NA_not_implemented,NA_not_implemented,NA_not_implemented,NA_not_implemented,NA_not_implemented,morning,modeled_mid,0.55,"commission_only; mid-to-mid marks, no synthetic slippage added",managed_exit_first_trigger,"target +50% of debit OR stop -50% of debit OR time stop at 0 DTE, whichever first; stop checked BEFORE target",loss,2026-07-28T22:57:39.765898-04:00,modeled_mid,NA_no_data,stop_loss,-58.6,-55.0,3.6,-1.0752,-1.0752,NA_not_implemented,NA_not_implemented,2177,1,managed_policy,NA_not_implemented,NA_not_implemented,NA_not_implemented,NA_not_implemented,NA_not_implemented,price_structure,1.0,22.0,higher_raw_increases_score,market_alignment,0.534,15.0,higher_raw_increases_score,relvol_momentum,0.0,15.0,higher_raw_increases_score,flow_quality,0.332,10.0,higher_raw_increases_score,contract_liquidity,0.916,18.0,higher_raw_increases_score,volatility,0.5,10.0,higher_raw_increases_score,catalyst_news,0.3,5.0,higher_raw_increases_score,risk_reward,1.0,5.0,higher_raw_increases_score
sd:0b889f63cfab,2026-07-27T10:41:03.914185-04:00,1-5DTE,IWM,bear_put_spread,B1x289P@2026-07-28 / S1x285P@2026-07-28,1,sd-scoring-2026.07-v3,7afa098,scan,UNCALIBRATED,0.6132,0.213,bs_zero_drift_traded_expiry_iv,100.0,0.0,NA_not_implemented,NA_not_implemented,NA_not_implemented,NA_not_implemented,NA_not_implemented,NA_not_implemented,NA_no_data,NA_no_data,NA_not_implemented,NA_not_implemented,NA_not_implemented,NA_not_implemented,NA_not_implemented,NA_not_implemented,NA_not_implemented,morning,modeled_mid,0.55,"commission_only; mid-to-mid marks, no synthetic slippage added",managed_exit_first_trigger,"target +50% of debit OR stop -50% of debit OR time stop at 0 DTE, whichever first; stop checked BEFORE target",loss,2026-07-28T22:57:39.765898-04:00,modeled_mid,NA_no_data,stop_loss,-58.6,-55.0,3.6,-1.0752,-1.0752,NA_not_implemented,NA_not_implemented,2177,1,managed_policy,NA_not_implemented,NA_not_implemented,NA_not_implemented,NA_not_implemented,NA_not_implemented,price_structure,1.0,22.0,higher_raw_increases_score,market_alignment,0.534,15.0,higher_raw_increases_score,relvol_momentum,0.0,15.0,higher_raw_increases_score,flow_quality,0.332,10.0,higher_raw_increases_score,contract_liquidity,0.916,18.0,higher_raw_increases_score,volatility,0.5,10.0,higher_raw_increases_score,catalyst_news,0.3,5.0,higher_raw_increases_score,risk_reward,1.0,5.0,higher_raw_increases_score
sd:98bd1733efe9,2026-07-27T10:41:03.914185-04:00,0DTE,AAPL,bull_call_spread,B1x340C@2026-07-27 / S1x345C@2026-07-27,0,sd-scoring-2026.07-v3,7afa098,scan,UNCALIBRATED,0.74,NA_no_data,NA_no_data,100.0,0.0,NA_not_implemented,NA_not_implemented,NA_not_implemented,NA_not_implemented,NA_not_implemented,NA_not_implemented,NA_no_data,NA_no_data,NA_not_implemented,NA_not_implemented,NA_not_implemented,NA_not_implemented,NA_not_implemented,NA_not_implemented,NA_not_implemented,morning,modeled_mid,0.46,"commission_only; mid-to-mid marks, no synthetic slippage added",managed_exit_first_trigger,"target +50% of debit OR stop -50% of debit OR time stop at 0 DTE, whichever first; stop checked BEFORE target",loss,2026-07-28T22:57:39.765898-04:00,modeled_mid,NA_no_data,expiry,-49.6,-46.0,3.6,-1.0901,-1.0901,NA_not_implemented,NA_not_implemented,2177,0,managed_policy,NA_not_implemented,NA_not_implemented,NA_not_implemented,NA_not_implemented,NA_not_implemented,price_structure,1.0,22.0,higher_raw_increases_score,market_alignment,0.666,15.0,higher_raw_increases_score,relvol_momentum,0.695,15.0,higher_raw_increases_score,flow_quality,0.139,10.0,higher_raw_increases_score,contract_liquidity,0.761,18.0,higher_raw_increases_score,volatility,1.0,10.0,higher_raw_increases_score,catalyst_news,0.3,5.0,higher_raw_increases_score,risk_reward,1.0,5.0,higher_raw_increases_score
sd:779c498ade61,2026-07-27T10:41:03.914185-04:00,0DTE,NVDA,bear_put_spread,B3x195P@2026-07-27 / S3x192.5P@2026-07-27,0,sd-scoring-2026.07-v3,7afa098,scan,UNCALIBRATED,0.7847,NA_no_data,NA_no_data,100.0,0.0,NA_not_implemented,NA_not_implemented,NA_not_implemented,NA_not_implemented,NA_not_implemented,NA_not_implemented,NA_no_data,NA_no_data,NA_not_implemented,NA_not_implemented,NA_not_implemented,NA_not_implemented,NA_not_implemented,NA_not_implemented,NA_not_implemented,morning,modeled_mid,0.17,"commission_only; mid-to-mid marks, no synthetic slippage added",managed_exit_first_trigger,"target +50% of debit OR stop -50% of debit OR time stop at 0 DTE, whichever first; stop checked BEFORE target",loss,2026-07-28T22:57:39.765898-04:00,modeled_mid,NA_no_data,expiry,-61.8,-51.0,10.8,-1.2118,-1.2118,NA_not_implemented,NA_not_implemented,2177,0,managed_policy,NA_not_implemented,NA_not_implemented,NA_not_implemented,NA_not_implemented,NA_not_implemented,price_structure,1.0,22.0,higher_raw_increases_score,market_alignment,0.534,15.0,higher_raw_increases_score,relvol_momentum,1.0,15.0,higher_raw_increases_score,flow_quality,0.166,10.0,higher_raw_increases_score,contract_liquidity,0.926,18.0,higher_raw_increases_score,volatility,0.863,10.0,higher_raw_increases_score,catalyst_news,0.3,5.0,higher_raw_increases_score,risk_reward,1.0,5.0,higher_raw_increases_score
sd:8680fcbd5d49,2026-07-27T10:41:03.914185-04:00,0DTE,NVDA,bear_put_spread,B3x195P@2026-07-27 / S3x192.5P@2026-07-27,0,sd-scoring-2026.07-v3,7afa098,scan,UNCALIBRATED,0.7847,NA_no_data,NA_no_data,100.0,0.0,NA_not_implemented,NA_not_implemented,NA_not_implemented,NA_not_implemented,NA_not_implemented,NA_not_implemented,NA_no_data,NA_no_data,NA_not_implemented,NA_not_implemented,NA_not_implemented,NA_not_implemented,NA_not_implemented,NA_not_implemented,NA_not_implemented,morning,modeled_mid,0.17,"commission_only; mid-to-mid marks, no synthetic slippage added",managed_exit_first_trigger,"target +50% of debit OR stop -50% of debit OR time stop at 0 DTE, whichever first; stop checked BEFORE target",loss,2026-07-28T22:57:39.765898-04:00,modeled_mid,NA_no_data,expiry,-61.8,-51.0,10.8,-1.2118,-1.2118,NA_not_implemented,NA_not_implemented,2177,0,managed_policy,NA_not_implemented,NA_not_implemented,NA_not_implemented,NA_not_implemented,NA_not_implemented,price_structure,1.0,22.0,higher_raw_increases_score,market_alignment,0.534,15.0,higher_raw_increases_score,relvol_momentum,1.0,15.0,higher_raw_increases_score,flow_quality,0.166,10.0,higher_raw_increases_score,contract_liquidity,0.926,18.0,higher_raw_increases_score,volatility,0.863,10.0,higher_raw_increases_score,catalyst_news,0.3,5.0,higher_raw_increases_score,risk_reward,1.0,5.0,higher_raw_increases_score
sd:aca1a2814aeb,2026-07-27T10:41:03.914185-04:00,0DTE,AMD,bear_put_spread,B1x465P@2026-07-27 / S1x462.5P@2026-07-27,0,sd-scoring-2026.07-v3,7afa098,scan,UNCALIBRATED,0.6593,NA_no_data,NA_no_data,100.0,0.0,NA_not_implemented,NA_not_implemented,NA_not_implemented,NA_not_implemented,NA_not_implemented,NA_not_implemented,NA_no_data,NA_no_data,NA_not_implemented,NA_not_implemented,NA_not_implemented,NA_not_implemented,NA_not_implemented,NA_not_implemented,NA_not_implemented,morning,modeled_mid,0.5,"commission_only; mid-to-mid marks, no synthetic slippage added",managed_exit_first_trigger,"target +50% of debit OR stop -50% of debit OR time stop at 0 DTE, whichever first; stop checked BEFORE target",loss,2026-07-28T22:57:39.765898-04:00,modeled_mid,NA_no_data,expiry,-53.6,-50.0,3.6,-1.072,-1.072,NA_not_implemented,NA_not_implemented,2177,0,managed_policy,NA_not_implemented,NA_not_implemented,NA_not_implemented,NA_not_implemented,NA_not_implemented,price_structure,1.0,22.0,higher_raw_increases_score,market_alignment,0.534,15.0,higher_raw_increases_score,relvol_momentum,1.0,15.0,higher_raw_increases_score,flow_quality,0.154,10.0,higher_raw_increases_score,contract_liquidity,0.438,18.0,higher_raw_increases_score,volatility,0.5,10.0,higher_raw_increases_score,catalyst_news,0.3,5.0,higher_raw_increases_score,risk_reward,1.0,5.0,higher_raw_increases_score
sd:9b7aa69e9e86,2026-07-27T10:41:03.914185-04:00,0DTE,META,bear_put_spread,B1x592.5P@2026-07-27 / S1x587.5P@2026-07-27,0,sd-scoring-2026.07-v3,7afa098,scan,UNCALIBRATED,0.3945,NA_no_data,NA_no_data,100.0,0.0,NA_not_implemented,NA_not_implemented,NA_not_implemented,NA_not_implemented,NA_not_implemented,NA_not_implemented,NA_no_data,NA_no_data,NA_not_implemented,NA_not_implemented,NA_not_implemented,NA_not_implemented,NA_not_implemented,NA_not_implemented,NA_not_implemented,morning,modeled_mid,0.47,"commission_only; mid-to-mid marks, no synthetic slippage added",managed_exit_first_trigger,"target +50% of debit OR stop -50% of debit OR time stop at 0 DTE, whichever first; stop checked BEFORE target",loss,2026-07-28T22:57:39.765898-04:00,modeled_mid,NA_no_data,expiry,-50.6,-47.0,3.6,-1.0653,-1.0653,NA_not_implemented,NA_not_implemented,2177,0,managed_policy,NA_not_implemented,NA_not_implemented,NA_not_implemented,NA_not_implemented,NA_not_implemented,price_structure,0.5,22.0,higher_raw_increases_score,market_alignment,0.534,15.0,higher_raw_increases_score,relvol_momentum,0.0,15.0,higher_raw_increases_score,flow_quality,0.117,10.0,higher_raw_increases_score,contract_liquidity,0.32,18.0,higher_raw_increases_score,volatility,0.701,10.0,higher_raw_increases_score,catalyst_news,0.3,5.0,higher_raw_increases_score,risk_reward,1.0,5.0,higher_raw_increases_score
sd:8115a11bfde4,2026-07-27T10:41:03.914185-04:00,0DTE,TSLA,bear_put_spread,B1x300P@2026-07-27 / S1x290P@2026-07-27,0,sd-scoring-2026.07-v3,7afa098,scan,UNCALIBRATED,0.7832,NA_no_data,NA_no_data,100.0,0.0,NA_not_implemented,NA_not_implemented,NA_not_implemented,NA_not_implemented,NA_not_implemented,NA_not_implemented,NA_no_data,NA_no_data,NA_not_implemented,NA_not_implemented,NA_not_implemented,NA_not_implemented,NA_not_implemented,NA_not_implemented,NA_not_implemented,morning,modeled_mid,0.53,"commission_only; mid-to-mid marks, no synthetic slippage added",managed_exit_first_trigger,"target +50% of debit OR stop -50% of debit OR time stop at 0 DTE, whichever first; stop checked BEFORE target",loss,2026-07-28T22:57:39.765898-04:00,modeled_mid,NA_no_data,expiry,-56.6,-53.0,3.6,-1.0679,-1.0679,NA_not_implemented,NA_not_implemented,2177,0,managed_policy,NA_not_implemented,NA_not_implemented,NA_not_implemented,NA_not_implemented,NA_not_implemented,price_structure,1.0,22.0,higher_raw_increases_score,market_alignment,0.534,15.0,higher_raw_increases_score,relvol_momentum,1.0,15.0,higher_raw_increases_score,flow_quality,0.191,10.0,higher_raw_increases_score,contract_liquidity,0.974,18.0,higher_raw_increases_score,volatility,0.737,10.0,higher_raw_increases_score,catalyst_news,0.3,5.0,higher_raw_increases_score,risk_reward,1.0,5.0,higher_raw_increases_score
sd:da9f05511dc4,2026-07-27T10:41:03.914185-04:00,0DTE,TSLA,bear_put_spread,B1x300P@2026-07-27 / S1x290P@2026-07-27,0,sd-scoring-2026.07-v3,7afa098,scan,UNCALIBRATED,0.7832,NA_no_data,NA_no_data,100.0,0.0,NA_not_implemented,NA_not_implemented,NA_not_implemented,NA_not_implemented,NA_not_implemented,NA_not_implemented,NA_no_data,NA_no_data,NA_not_implemented,NA_not_implemented,NA_not_implemented,NA_not_implemented,NA_not_implemented,NA_not_implemented,NA_not_implemented,morning,modeled_mid,0.53,"commission_only; mid-to-mid marks, no synthetic slippage added",managed_exit_first_trigger,"target +50% of debit OR stop -50% of debit OR time stop at 0 DTE, whichever first; stop checked BEFORE target",loss,2026-07-28T22:57:39.765898-04:00,modeled_mid,NA_no_data,expiry,-56.6,-53.0,3.6,-1.0679,-1.0679,NA_not_implemented,NA_not_implemented,2177,0,managed_policy,NA_not_implemented,NA_not_implemented,NA_not_implemented,NA_not_implemented,NA_not_implemented,price_structure,1.0,22.0,higher_raw_increases_score,market_alignment,0.534,15.0,higher_raw_increases_score,relvol_momentum,1.0,15.0,higher_raw_increases_score,flow_quality,0.191,10.0,higher_raw_increases_score,contract_liquidity,0.974,18.0,higher_raw_increases_score,volatility,0.737,10.0,higher_raw_increases_score,catalyst_news,0.3,5.0,higher_raw_increases_score,risk_reward,1.0,5.0,higher_raw_increases_score
live:rhb7e98b82bc,2026-07-27T10:27:48.389000-04:00,0DTE,NVDA,long_put,B1x197.5P@2026-07-27,0,NA_no_data,7afa098,live,UNCALIBRATED,0.0,NA_no_data,NA_no_data,NA_no_data,0.0,NA_not_implemented,NA_not_implemented,NA_not_implemented,NA_not_implemented,NA_not_implemented,NA_not_implemented,NA_no_data,NA_no_data,NA_not_implemented,NA_not_implemented,NA_not_implemented,NA_not_implemented,NA_not_implemented,NA_not_implemented,NA_not_implemented,morning,actual_fill,0.56,none_real_fill,managed_exit_first_trigger,"target +50% of debit OR stop -50% of debit OR time stop at 7 DTE, whichever first; stop checked BEFORE target",win,2026-07-28T22:57:39.765898-04:00,actual_fill,NA_no_data,expiry,81.4,86.0,4.6,0.7268,0.7268,NA_not_implemented,NA_not_implemented,2190,0,managed_policy,NA_not_implemented,NA_not_implemented,NA_not_implemented,NA_not_implemented,NA_not_implemented,NA_no_data,NA_no_data,NA_no_data,NA_no_data,NA_no_data,NA_no_data,NA_no_data,NA_no_data,NA_no_data,NA_no_data,NA_no_data,NA_no_data,NA_no_data,NA_no_data,NA_no_data,NA_no_data,NA_no_data,NA_no_data,NA_no_data,NA_no_data,NA_no_data,NA_no_data,NA_no_data,NA_no_data,NA_no_data,NA_no_data,NA_no_data,NA_no_data,NA_no_data,NA_no_data,NA_no_data,NA_no_data
sd:1fcac2acf584,2026-07-27T10:20:13.904016-04:00,0DTE,AAPL,bull_call_spread,B1x340C@2026-07-27 / S1x345C@2026-07-27,0,sd-scoring-2026.07-v3,7afa098,scan,UNCALIBRATED,0.7857,NA_no_data,NA_no_data,100.0,0.0,NA_not_implemented,NA_not_implemented,NA_not_implemented,NA_not_implemented,NA_not_implemented,NA_not_implemented,NA_no_data,NA_no_data,NA_not_implemented,NA_not_implemented,NA_not_implemented,NA_not_implemented,NA_not_implemented,NA_not_implemented,NA_not_implemented,morning,modeled_mid,0.47,"commission_only; mid-to-mid marks, no synthetic slippage added",managed_exit_first_trigger,"target +50% of debit OR stop -50% of debit OR time stop at 0 DTE, whichever first; stop checked BEFORE target",loss,2026-07-28T22:57:39.765898-04:00,modeled_mid,NA_no_data,expiry,-50.6,-47.0,3.6,-1.0882,-1.0882,NA_not_implemented,NA_not_implemented,2197,0,managed_policy,NA_not_implemented,NA_not_implemented,NA_not_implemented,NA_not_implemented,NA_not_implemented,price_structure,1.0,22.0,higher_raw_increases_score,market_alignment,0.666,15.0,higher_raw_increases_score,relvol_momentum,0.688,15.0,higher_raw_increases_score,flow_quality,0.295,10.0,higher_raw_increases_score,contract_liquidity,0.934,18.0,higher_raw_increases_score,volatility,1.0,10.0,higher_raw_increases_score,catalyst_news,0.3,5.0,higher_raw_increases_score,risk_reward,1.0,5.0,higher_raw_increases_score
sd:d7256289b541,2026-07-27T10:20:13.904016-04:00,0DTE,AAPL,bull_call_spread,B1x340C@2026-07-27 / S1x345C@2026-07-27,0,sd-scoring-2026.07-v3,7afa098,scan,UNCALIBRATED,0.7857,NA_no_data,NA_no_data,100.0,0.0,NA_not_implemented,NA_not_implemented,NA_not_implemented,NA_not_implemented,NA_not_implemented,NA_not_implemented,NA_no_data,NA_no_data,NA_not_implemented,NA_not_implemented,NA_not_implemented,NA_not_implemented,NA_not_implemented,NA_not_implemented,NA_not_implemented,morning,modeled_mid,0.47,"commission_only; mid-to-mid marks, no synthetic slippage added",managed_exit_first_trigger,"target +50% of debit OR stop -50% of debit OR time stop at 0 DTE, whichever first; stop checked BEFORE target",loss,2026-07-28T22:57:39.765898-04:00,modeled_mid,NA_no_data,expiry,-50.6,-47.0,3.6,-1.0882,-1.0882,NA_not_implemented,NA_not_implemented,2197,0,managed_policy,NA_not_implemented,NA_not_implemented,NA_not_implemented,NA_not_implemented,NA_not_implemented,price_structure,1.0,22.0,higher_raw_increases_score,market_alignment,0.666,15.0,higher_raw_increases_score,relvol_momentum,0.688,15.0,higher_raw_increases_score,flow_quality,0.295,10.0,higher_raw_increases_score,contract_liquidity,0.934,18.0,higher_raw_increases_score,volatility,1.0,10.0,higher_raw_increases_score,catalyst_news,0.3,5.0,higher_raw_increases_score,risk_reward,1.0,5.0,higher_raw_increases_score
sd:3acfd83735fe,2026-07-27T10:20:13.904016-04:00,0DTE,NVDA,bear_put_spread,B2x197.5P@2026-07-27 / S2x195P@2026-07-27,0,sd-scoring-2026.07-v3,7afa098,scan,UNCALIBRATED,0.7938,NA_no_data,NA_no_data,100.0,0.0,NA_not_implemented,NA_not_implemented,NA_not_implemented,NA_not_implemented,NA_not_implemented,NA_not_implemented,NA_no_data,NA_no_data,NA_not_implemented,NA_not_implemented,NA_not_implemented,NA_not_implemented,NA_not_implemented,NA_not_implemented,NA_not_implemented,morning,modeled_mid,0.21,"commission_only; mid-to-mid marks, no synthetic slippage added",managed_exit_first_trigger,"target +50% of debit OR stop -50% of debit OR time stop at 0 DTE, whichever first; stop checked BEFORE target",win,2026-07-28T22:57:39.765898-04:00,modeled_mid,NA_no_data,expiry,148.8,156.0,7.2,3.5429,3.5429,NA_not_implemented,NA_not_implemented,2197,0,managed_policy,NA_not_implemented,NA_not_implemented,NA_not_implemented,NA_not_implemented,NA_not_implemented,price_structure,1.0,22.0,higher_raw_increases_score,market_alignment,0.534,15.0,higher_raw_increases_score,relvol_momentum,1.0,15.0,higher_raw_increases_score,flow_quality,0.174,10.0,higher_raw_increases_score,contract_liquidity,0.896,18.0,higher_raw_increases_score,volatility,1.0,10.0,higher_raw_increases_score,catalyst_news,0.3,5.0,higher_raw_increases_score,risk_reward,1.0,5.0,higher_raw_increases_score
sd:bbeffd00c8f0,2026-07-27T10:20:13.904016-04:00,0DTE,NVDA,bear_put_spread,B2x197.5P@2026-07-27 / S2x195P@2026-07-27,0,sd-scoring-2026.07-v3,7afa098,scan,UNCALIBRATED,0.7938,NA_no_data,NA_no_data,100.0,0.0,NA_not_implemented,NA_not_implemented,NA_not_implemented,NA_not_implemented,NA_not_implemented,NA_not_implemented,NA_no_data,NA_no_data,NA_not_implemented,NA_not_implemented,NA_not_implemented,NA_not_implemented,NA_not_implemented,NA_not_implemented,NA_not_implemented,morning,modeled_mid,0.21,"commission_only; mid-to-mid marks, no synthetic slippage added",managed_exit_first_trigger,"target +50% of debit OR stop -50% of debit OR time stop at 0 DTE, whichever first; stop checked BEFORE target",win,2026-07-28T22:57:39.765898-04:00,modeled_mid,NA_no_data,expiry,148.8,156.0,7.2,3.5429,3.5429,NA_not_implemented,NA_not_implemented,2197,0,managed_policy,NA_not_implemented,NA_not_implemented,NA_not_implemented,NA_not_implemented,NA_not_implemented,price_structure,1.0,22.0,higher_raw_increases_score,market_alignment,0.534,15.0,higher_raw_increases_score,relvol_momentum,1.0,15.0,higher_raw_increases_score,flow_quality,0.174,10.0,higher_raw_increases_score,contract_liquidity,0.896,18.0,higher_raw_increases_score,volatility,1.0,10.0,higher_raw_increases_score,catalyst_news,0.3,5.0,higher_raw_increases_score,risk_reward,1.0,5.0,higher_raw_increases_score
sd:48d923c764c9,2026-07-27T10:20:13.904016-04:00,0DTE,AMD,bear_put_spread,B1x480P@2026-07-27 / S1x477.5P@2026-07-27,0,sd-scoring-2026.07-v3,7afa098,scan,UNCALIBRATED,0.6677,NA_no_data,NA_no_data,100.0,0.0,NA_not_implemented,NA_not_implemented,NA_not_implemented,NA_not_implemented,NA_not_implemented,NA_not_implemented,NA_no_data,NA_no_data,NA_not_implemented,NA_not_implemented,NA_not_implemented,NA_not_implemented,NA_not_implemented,NA_not_implemented,NA_not_implemented,morning,modeled_mid,0.43,"commission_only; mid-to-mid marks, no synthetic slippage added",managed_exit_first_trigger,"target +50% of debit OR stop -50% of debit OR time stop at 0 DTE, whichever first; stop checked BEFORE target",loss,2026-07-28T22:57:39.765898-04:00,modeled_mid,NA_no_data,expiry,-46.6,-43.0,3.6,-1.0713,-1.0713,NA_not_implemented,NA_not_implemented,2197,0,managed_policy,NA_not_implemented,NA_not_implemented,NA_not_implemented,NA_not_implemented,NA_not_implemented,price_structure,1.0,22.0,higher_raw_increases_score,market_alignment,0.534,15.0,higher_raw_increases_score,relvol_momentum,1.0,15.0,higher_raw_increases_score,flow_quality,0.198,10.0,higher_raw_increases_score,contract_liquidity,0.46,18.0,higher_raw_increases_score,volatility,0.5,10.0,higher_raw_increases_score,catalyst_news,0.3,5.0,higher_raw_increases_score,risk_reward,1.0,5.0,higher_raw_increases_score
sd:32fc3335aec8,2026-07-27T10:20:13.904016-04:00,0DTE,AMD,bear_put_spread,B1x480P@2026-07-27 / S1x477.5P@2026-07-27,0,sd-scoring-2026.07-v3,7afa098,scan,UNCALIBRATED,0.6677,NA_no_data,NA_no_data,100.0,0.0,NA_not_implemented,NA_not_implemented,NA_not_implemented,NA_not_implemented,NA_not_implemented,NA_not_implemented,NA_no_data,NA_no_data,NA_not_implemented,NA_not_implemented,NA_not_implemented,NA_not_implemented,NA_not_implemented,NA_not_implemented,NA_not_implemented,morning,modeled_mid,0.43,"commission_only; mid-to-mid marks, no synthetic slippage added",managed_exit_first_trigger,"target +50% of debit OR stop -50% of debit OR time stop at 0 DTE, whichever first; stop checked BEFORE target",loss,2026-07-28T22:57:39.765898-04:00,modeled_mid,NA_no_data,expiry,-46.6,-43.0,3.6,-1.0713,-1.0713,NA_not_implemented,NA_not_implemented,2197,0,managed_policy,NA_not_implemented,NA_not_implemented,NA_not_implemented,NA_not_implemented,NA_not_implemented,price_structure,1.0,22.0,higher_raw_increases_score,market_alignment,0.534,15.0,higher_raw_increases_score,relvol_momentum,1.0,15.0,higher_raw_increases_score,flow_quality,0.198,10.0,higher_raw_increases_score,contract_liquidity,0.46,18.0,higher_raw_increases_score,volatility,0.5,10.0,higher_raw_increases_score,catalyst_news,0.3,5.0,higher_raw_increases_score,risk_reward,1.0,5.0,higher_raw_increases_score
sd:cc41bce01ae2,2026-07-27T10:20:13.904016-04:00,0DTE,META,bull_call_spread,B1x620C@2026-07-27 / S1x630C@2026-07-27,0,sd-scoring-2026.07-v3,7afa098,scan,UNCALIBRATED,0.5394,NA_no_data,NA_no_data,100.0,0.0,NA_not_implemented,NA_not_implemented,NA_not_implemented,NA_not_implemented,NA_not_implemented,NA_not_implemented,NA_no_data,NA_no_data,NA_not_implemented,NA_not_implemented,NA_not_implemented,NA_not_implemented,NA_not_implemented,NA_not_implemented,NA_not_implemented,morning,modeled_mid,0.34,"commission_only; mid-to-mid marks, no synthetic slippage added",managed_exit_first_trigger,"target +50% of debit OR stop -50% of debit OR time stop at 0 DTE, whichever first; stop checked BEFORE target",loss,2026-07-28T22:57:39.765898-04:00,modeled_mid,NA_no_data,expiry,-37.6,-34.0,3.6,-1.0899,-1.0899,NA_not_implemented,NA_not_implemented,2197,0,managed_policy,NA_not_implemented,NA_not_implemented,NA_not_implemented,NA_not_implemented,NA_not_implemented,price_structure,0.5,22.0,higher_raw_increases_score,market_alignment,0.666,15.0,higher_raw_increases_score,relvol_momentum,1.0,15.0,higher_raw_increases_score,flow_quality,0.195,10.0,higher_raw_increases_score,contract_liquidity,0.25,18.0,higher_raw_increases_score,volatility,0.5,10.0,higher_raw_increases_score,catalyst_news,0.3,5.0,higher_raw_increases_score,risk_reward,1.0,5.0,higher_raw_increases_score
sd:55469410975e,2026-07-27T10:20:13.904016-04:00,0DTE,GOOGL,bull_call_spread,B1x332.5C@2026-07-27 / S1x337.5C@2026-07-27,0,sd-scoring-2026.07-v3,7afa098,scan,UNCALIBRATED,0.744,NA_no_data,NA_no_data,100.0,0.0,NA_not_implemented,NA_not_implemented,NA_not_implemented,NA_not_implemented,NA_not_implemented,NA_not_implemented,NA_no_data,NA_no_data,NA_not_implemented,NA_not_implemented,NA_not_implemented,NA_not_implemented,NA_not_implemented,NA_not_implemented,NA_not_implemented,morning,modeled_mid,0.47,"commission_only; mid-to-mid marks, no synthetic slippage added",managed_exit_first_trigger,"target +50% of debit OR stop -50% of debit OR time stop at 0 DTE, whichever first; stop checked BEFORE target",loss,2026-07-28T22:57:39.765898-04:00,modeled_mid,NA_no_data,expiry,-50.6,-47.0,3.6,-1.0882,-1.0882,NA_not_implemented,NA_not_implemented,2197,0,managed_policy,NA_not_implemented,NA_not_implemented,NA_not_implemented,NA_not_implemented,NA_not_implemented,price_structure,1.0,22.0,higher_raw_increases_score,market_alignment,0.666,15.0,higher_raw_increases_score,relvol_momentum,1.0,15.0,higher_raw_increases_score,flow_quality,0.239,10.0,higher_raw_increases_score,contract_liquidity,0.751,18.0,higher_raw_increases_score,volatility,0.5,10.0,higher_raw_increases_score,catalyst_news,0.3,5.0,higher_raw_increases_score,risk_reward,1.0,5.0,higher_raw_increases_score
sd:a8e86e08e53c,2026-07-27T10:20:13.904016-04:00,0DTE,GOOGL,bull_call_spread,B1x332.5C@2026-07-27 / S1x337.5C@2026-07-27,0,sd-scoring-2026.07-v3,7afa098,scan,UNCALIBRATED,0.744,NA_no_data,NA_no_data,100.0,0.0,NA_not_implemented,NA_not_implemented,NA_not_implemented,NA_not_implemented,NA_not_implemented,NA_not_implemented,NA_no_data,NA_no_data,NA_not_implemented,NA_not_implemented,NA_not_implemented,NA_not_implemented,NA_not_implemented,NA_not_implemented,NA_not_implemented,morning,modeled_mid,0.47,"commission_only; mid-to-mid marks, no synthetic slippage added",managed_exit_first_trigger,"target +50% of debit OR stop -50% of debit OR time stop at 0 DTE, whichever first; stop checked BEFORE target",loss,2026-07-28T22:57:39.765898-04:00,modeled_mid,NA_no_data,expiry,-50.6,-47.0,3.6,-1.0882,-1.0882,NA_not_implemented,NA_not_implemented,2197,0,managed_policy,NA_not_implemented,NA_not_implemented,NA_not_implemented,NA_not_implemented,NA_not_implemented,price_structure,1.0,22.0,higher_raw_increases_score,market_alignment,0.666,15.0,higher_raw_increases_score,relvol_momentum,1.0,15.0,higher_raw_increases_score,flow_quality,0.239,10.0,higher_raw_increases_score,contract_liquidity,0.751,18.0,higher_raw_increases_score,volatility,0.5,10.0,higher_raw_increases_score,catalyst_news,0.3,5.0,higher_raw_increases_score,risk_reward,1.0,5.0,higher_raw_increases_score
sd:8ee37fecfa70,2026-07-27T10:20:13.904016-04:00,0DTE,TSLA,bear_put_spread,B1x302.5P@2026-07-27 / S1x295P@2026-07-27,0,sd-scoring-2026.07-v3,7afa098,scan,UNCALIBRATED,0.7188,NA_no_data,NA_no_data,100.0,0.0,NA_not_implemented,NA_not_implemented,NA_not_implemented,NA_not_implemented,NA_not_implemented,NA_not_implemented,NA_no_data,NA_no_data,NA_not_implemented,NA_not_implemented,NA_not_implemented,NA_not_implemented,NA_not_implemented,NA_not_implemented,NA_not_implemented,morning,modeled_mid,0.43,"commission_only; mid-to-mid marks, no synthetic slippage added",managed_exit_first_trigger,"target +50% of debit OR stop -50% of debit OR time stop at 0 DTE, whichever first; stop checked BEFORE target",loss,2026-07-28T22:57:39.765898-04:00,modeled_mid,NA_no_data,expiry,-46.6,-43.0,3.6,-1.0837,-1.0837,NA_not_implemented,NA_not_implemented,2197,0,managed_policy,NA_not_implemented,NA_not_implemented,NA_not_implemented,NA_not_implemented,NA_not_implemented,price_structure,1.0,22.0,higher_raw_increases_score,market_alignment,0.534,15.0,higher_raw_increases_score,relvol_momentum,0.65,15.0,higher_raw_increases_score,flow_quality,0.192,10.0,higher_raw_increases_score,contract_liquidity,0.915,18.0,higher_raw_increases_score,volatility,0.723,10.0,higher_raw_increases_score,catalyst_news,0.3,5.0,higher_raw_increases_score,risk_reward,1.0,5.0,higher_raw_increases_score
sd:01cf78595eb5,2026-07-24T14:59:41.311239-04:00,0DTE,QQQ,bear_put_spread,B1x683P@2026-07-24 / S1x679P@2026-07-24,0,sd-scoring-2026.07-v3,7afa098,scan,UNCALIBRATED,0.6808,NA_no_data,NA_no_data,100.0,0.0,NA_not_implemented,NA_not_implemented,NA_not_implemented,NA_not_implemented,NA_not_implemented,NA_not_implemented,NA_no_data,NA_no_data,NA_not_implemented,NA_not_implemented,NA_not_implemented,NA_not_implemented,NA_not_implemented,NA_not_implemented,NA_not_implemented,midday,modeled_mid,0.39,"commission_only; mid-to-mid marks, no synthetic slippage added",managed_exit_first_trigger,"target +50% of debit OR stop -50% of debit OR time stop at 0 DTE, whichever first; stop checked BEFORE target",loss,2026-07-28T22:57:39.765898-04:00,modeled_mid,NA_no_data,expiry,-42.6,-39.0,3.6,-1.0923,-1.0923,NA_not_implemented,NA_not_implemented,6238,0,managed_policy,NA_not_implemented,NA_not_implemented,NA_not_implemented,NA_not_implemented,NA_not_implemented,price_structure,1.0,22.0,higher_raw_increases_score,market_alignment,0.534,15.0,higher_raw_increases_score,relvol_momentum,0.515,15.0,higher_raw_increases_score,flow_quality,0.16,10.0,higher_raw_increases_score,contract_liquidity,0.958,18.0,higher_raw_increases_score,volatility,0.5,10.0,higher_raw_increases_score,catalyst_news,0.3,5.0,higher_raw_increases_score,risk_reward,1.0,5.0,higher_raw_increases_score
sd:e032d2725a67,2026-07-24T14:59:41.311239-04:00,0DTE,IWM,long_put,B1x292P@2026-07-24,0,sd-scoring-2026.07-v3,7afa098,scan,UNCALIBRATED,0.5914,NA_no_data,NA_no_data,100.0,0.0,NA_not_implemented,NA_not_implemented,NA_not_implemented,NA_not_implemented,NA_not_implemented,NA_not_implemented,NA_no_data,NA_no_data,NA_not_implemented,NA_not_implemented,NA_not_implemented,NA_not_implemented,NA_not_implemented,NA_not_implemented,NA_not_implemented,midday,modeled_mid,0.52,"commission_only; mid-to-mid marks, no synthetic slippage added",managed_exit_first_trigger,"target +50% of debit OR stop -50% of debit OR time stop at 0 DTE, whichever first; stop checked BEFORE target",win,2026-07-28T22:57:39.765898-04:00,modeled_mid,NA_no_data,expiry,28.7,31.0,2.3,0.5573,0.5573,NA_not_implemented,NA_not_implemented,6238,0,managed_policy,NA_not_implemented,NA_not_implemented,NA_not_implemented,NA_not_implemented,NA_not_implemented,price_structure,1.0,22.0,higher_raw_increases_score,market_alignment,0.534,15.0,higher_raw_increases_score,relvol_momentum,0.067,15.0,higher_raw_increases_score,flow_quality,0.212,10.0,higher_raw_increases_score,contract_liquidity,0.903,18.0,higher_raw_increases_score,volatility,0.5,10.0,higher_raw_increases_score,catalyst_news,0.3,5.0,higher_raw_increases_score,risk_reward,0.65,5.0,higher_raw_increases_score
sd:ee6dc64beecd,2026-07-24T14:59:41.311239-04:00,0DTE,IWM,bear_put_spread,B1x292P@2026-07-24 / S1x291P@2026-07-24,0,sd-scoring-2026.07-v3,7afa098,scan,UNCALIBRATED,0.6015,NA_no_data,NA_no_data,100.0,0.0,NA_not_implemented,NA_not_implemented,NA_not_implemented,NA_not_implemented,NA_not_implemented,NA_not_implemented,NA_no_data,NA_no_data,NA_not_implemented,NA_not_implemented,NA_not_implemented,NA_not_implemented,NA_not_implemented,NA_not_implemented,NA_not_implemented,midday,modeled_mid,0.37,"commission_only; mid-to-mid marks, no synthetic slippage added",managed_exit_first_trigger,"target +50% of debit OR stop -50% of debit OR time stop at 0 DTE, whichever first; stop checked BEFORE target",win,2026-07-28T22:57:39.765898-04:00,modeled_mid,NA_no_data,expiry,42.4,46.0,3.6,1.1459,1.1459,NA_not_implemented,NA_not_implemented,6238,0,managed_policy,NA_not_implemented,NA_not_implemented,NA_not_implemented,NA_not_implemented,NA_not_implemented,price_structure,1.0,22.0,higher_raw_increases_score,market_alignment,0.534,15.0,higher_raw_increases_score,relvol_momentum,0.067,15.0,higher_raw_increases_score,flow_quality,0.212,10.0,higher_raw_increases_score,contract_liquidity,0.903,18.0,higher_raw_increases_score,volatility,0.5,10.0,higher_raw_increases_score,catalyst_news,0.3,5.0,higher_raw_increases_score,risk_reward,0.852,5.0,higher_raw_increases_score
sd:7cd60350a5be,2026-07-24T14:59:41.311239-04:00,0DTE,META,long_put,B1x597.5P@2026-07-24,0,sd-scoring-2026.07-v3,7afa098,scan,UNCALIBRATED,0.5882,NA_no_data,NA_no_data,100.0,0.0,NA_not_implemented,NA_not_implemented,NA_not_implemented,NA_not_implemented,NA_not_implemented,NA_not_implemented,NA_no_data,NA_no_data,NA_not_implemented,NA_not_implemented,NA_not_implemented,NA_not_implemented,NA_not_implemented,NA_not_implemented,NA_not_implemented,midday,modeled_mid,0.48,"commission_only; mid-to-mid marks, no synthetic slippage added",managed_exit_first_trigger,"target +50% of debit OR stop -50% of debit OR time stop at 0 DTE, whichever first; stop checked BEFORE target",win,2026-07-28T22:57:39.765898-04:00,modeled_mid,NA_no_data,expiry,180.7,183.0,2.3,3.7646,3.7646,NA_not_implemented,NA_not_implemented,6238,0,managed_policy,NA_not_implemented,NA_not_implemented,NA_not_implemented,NA_not_implemented,NA_not_implemented,price_structure,1.0,22.0,higher_raw_increases_score,market_alignment,0.534,15.0,higher_raw_increases_score,relvol_momentum,0.477,15.0,higher_raw_increases_score,flow_quality,0.105,10.0,higher_raw_increases_score,contract_liquidity,0.5,18.0,higher_raw_increases_score,volatility,0.686,10.0,higher_raw_increases_score,catalyst_news,0.3,5.0,higher_raw_increases_score,risk_reward,0.65,5.0,higher_raw_increases_score
live:rh093e5b6f51,2026-07-24T11:33:28.209000-04:00,LONG,AAPL,bull_call_spread,B1x337.5C@2026-08-21 / S1x340C@2026-08-21,28,NA_no_data,7afa098,live,UNCALIBRATED,0.0,NA_no_data,NA_no_data,NA_no_data,0.0,NA_not_implemented,NA_not_implemented,NA_not_implemented,NA_not_implemented,NA_not_implemented,NA_not_implemented,NA_no_data,NA_no_data,NA_not_implemented,NA_not_implemented,NA_not_implemented,NA_not_implemented,NA_not_implemented,NA_not_implemented,NA_not_implemented,morning,actual_fill,1.08,none_real_fill,realized_close,discretionary human close,win,2026-07-29T10:53:44.711000-04:00,actual_fill,NA_no_data,NA_no_data,64.0,NA_no_data,NA_no_data,0.2963,0.2963,NA_not_implemented,NA_not_implemented,7160,5,live_close,NA_not_implemented,NA_not_implemented,NA_not_implemented,NA_not_implemented,NA_not_implemented,NA_no_data,NA_no_data,NA_no_data,NA_no_data,NA_no_data,NA_no_data,NA_no_data,NA_no_data,NA_no_data,NA_no_data,NA_no_data,NA_no_data,NA_no_data,NA_no_data,NA_no_data,NA_no_data,NA_no_data,NA_no_data,NA_no_data,NA_no_data,NA_no_data,NA_no_data,NA_no_data,NA_no_data,NA_no_data,NA_no_data,NA_no_data,NA_no_data,NA_no_data,NA_no_data,NA_no_data,NA_no_data
sd:d379fdb3f456,2026-07-24T11:30:44.591900-04:00,1-5DTE,TSLA,bear_put_spread,B1x300P@2026-07-27 / S1x285P@2026-07-27,3,sd-scoring-2026.07-v3,7afa098,scan,UNCALIBRATED,0.7227,0.1616,bs_zero_drift_traded_expiry_iv,100.0,0.0,NA_not_implemented,NA_not_implemented,NA_not_implemented,NA_not_implemented,NA_not_implemented,NA_not_implemented,NA_no_data,NA_no_data,NA_not_implemented,NA_not_implemented,NA_not_implemented,NA_not_implemented,NA_not_implemented,NA_not_implemented,NA_not_implemented,morning,modeled_mid,0.96,"commission_only; mid-to-mid marks, no synthetic slippage added",managed_exit_first_trigger,"target +50% of debit OR stop -50% of debit OR time stop at 1 DTE, whichever first; stop checked BEFORE target",loss,2026-07-28T22:57:39.765898-04:00,modeled_mid,NA_no_data,stop_loss,-99.6,-96.0,3.6,-1.0321,-1.0321,NA_not_implemented,NA_not_implemented,6447,3,managed_policy,NA_not_implemented,NA_not_implemented,NA_not_implemented,NA_not_implemented,NA_not_implemented,daily_trend,0.85,20.0,higher_raw_increases_score,catalyst_news,0.5,15.0,higher_raw_increases_score,multi_session_flow,0.6,15.0,higher_raw_increases_score,market_alignment,0.534,10.0,higher_raw_increases_score,volatility,0.761,10.0,higher_raw_increases_score,contract_liquidity,0.882,10.0,higher_raw_increases_score,technical_entry,0.7,10.0,higher_raw_increases_score,risk_reward,1.0,10.0,higher_raw_increases_score
live:310035ab1eaf,2026-07-24T11:00:00-04:00,0DTE,TSLA,bear_put_spread,B1x310P@2026-07-24 / S1x295P@2026-07-24,0,NA_no_data,7afa098,live,UNCALIBRATED,0.0,NA_no_data,NA_no_data,NA_no_data,0.0,NA_not_implemented,NA_not_implemented,NA_not_implemented,NA_not_implemented,NA_not_implemented,NA_not_implemented,NA_no_data,NA_no_data,NA_not_implemented,NA_not_implemented,NA_not_implemented,NA_not_implemented,NA_not_implemented,NA_not_implemented,NA_not_implemented,morning,actual_fill,0.83,none_real_fill,managed_exit_first_trigger,"target +50% of debit OR stop -50% of debit OR time stop at 7 DTE, whichever first; stop checked BEFORE target",loss,2026-07-28T22:57:39.765898-04:00,actual_fill,NA_no_data,expiry,-86.6,-83.0,3.6,-1.0434,-1.0434,NA_not_implemented,NA_not_implemented,6478,0,managed_policy,NA_not_implemented,NA_not_implemented,NA_not_implemented,NA_not_implemented,NA_not_implemented,NA_no_data,NA_no_data,NA_no_data,NA_no_data,NA_no_data,NA_no_data,NA_no_data,NA_no_data,NA_no_data,NA_no_data,NA_no_data,NA_no_data,NA_no_data,NA_no_data,NA_no_data,NA_no_data,NA_no_data,NA_no_data,NA_no_data,NA_no_data,NA_no_data,NA_no_data,NA_no_data,NA_no_data,NA_no_data,NA_no_data,NA_no_data,NA_no_data,NA_no_data,NA_no_data,NA_no_data,NA_no_data
live:48440cd280db,2026-07-24T11:00:00-04:00,LONG,INTC,bear_put_spread,B1x92.5P@2026-08-21 / S1x90P@2026-08-21,28,NA_no_data,7afa098,live,UNCALIBRATED,0.0,NA_no_data,NA_no_data,NA_no_data,0.0,NA_not_implemented,NA_not_implemented,NA_not_implemented,NA_not_implemented,NA_not_implemented,NA_not_implemented,NA_no_data,NA_no_data,NA_not_implemented,NA_not_implemented,NA_not_implemented,NA_not_implemented,NA_not_implemented,NA_not_implemented,NA_not_implemented,morning,actual_fill,1.03,none_real_fill,realized_close,discretionary human close,win,2026-07-28T09:43:04.312000-04:00,actual_fill,NA_no_data,NA_no_data,114.0,NA_no_data,NA_no_data,0.5534,0.5534,NA_not_implemented,NA_not_implemented,5683,4,live_close,NA_not_implemented,NA_not_implemented,NA_not_implemented,NA_not_implemented,NA_not_implemented,NA_no_data,NA_no_data,NA_no_data,NA_no_data,NA_no_data,NA_no_data,NA_no_data,NA_no_data,NA_no_data,NA_no_data,NA_no_data,NA_no_data,NA_no_data,NA_no_data,NA_no_data,NA_no_data,NA_no_data,NA_no_data,NA_no_data,NA_no_data,NA_no_data,NA_no_data,NA_no_data,NA_no_data,NA_no_data,NA_no_data,NA_no_data,NA_no_data,NA_no_data,NA_no_data,NA_no_data,NA_no_data
sd:efaafc5c9512,2026-07-24T10:15:26.227554-04:00,0DTE,QQQ,bear_put_spread,B1x681P@2026-07-24 / S1x669P@2026-07-24,0,sd-scoring-2026.07-v3,7afa098,scan,UNCALIBRATED,0.6486,NA_no_data,NA_no_data,100.0,0.0,NA_not_implemented,NA_not_implemented,NA_not_implemented,NA_not_implemented,NA_not_implemented,NA_not_implemented,NA_no_data,NA_no_data,NA_not_implemented,NA_not_implemented,NA_not_implemented,NA_not_implemented,NA_not_implemented,NA_not_implemented,NA_not_implemented,morning,modeled_mid,0.55,"commission_only; mid-to-mid marks, no synthetic slippage added",managed_exit_first_trigger,"target +50% of debit OR stop -50% of debit OR time stop at 0 DTE, whichever first; stop checked BEFORE target",loss,2026-07-28T22:57:39.765898-04:00,modeled_mid,NA_no_data,expiry,-58.6,-55.0,3.6,-1.0655,-1.0655,NA_not_implemented,NA_not_implemented,6522,0,managed_policy,NA_not_implemented,NA_not_implemented,NA_not_implemented,NA_not_implemented,NA_not_implemented,price_structure,1.0,22.0,higher_raw_increases_score,market_alignment,0.534,15.0,higher_raw_increases_score,relvol_momentum,0.325,15.0,higher_raw_increases_score,flow_quality,0.168,10.0,higher_raw_increases_score,contract_liquidity,0.933,18.0,higher_raw_increases_score,volatility,0.5,10.0,higher_raw_increases_score,catalyst_news,0.3,5.0,higher_raw_increases_score,risk_reward,1.0,5.0,higher_raw_increases_score
sd:b64e97e06b83,2026-07-24T10:15:26.227554-04:00,0DTE,AAPL,bull_call_spread,B1x330C@2026-07-24 / S1x332.5C@2026-07-24,0,sd-scoring-2026.07-v3,7afa098,scan,UNCALIBRATED,0.8024,NA_no_data,NA_no_data,100.0,0.0,NA_not_implemented,NA_not_implemented,NA_not_implemented,NA_not_implemented,NA_not_implemented,NA_not_implemented,NA_no_data,NA_no_data,NA_not_implemented,NA_not_implemented,NA_not_implemented,NA_not_implemented,NA_not_implemented,NA_not_implemented,NA_not_implemented,morning,modeled_mid,0.36,"commission_only; mid-to-mid marks, no synthetic slippage added",managed_exit_first_trigger,"target +50% of debit OR stop -50% of debit OR time stop at 0 DTE, whichever first; stop checked BEFORE target",win,2026-07-28T22:57:39.765898-04:00,modeled_mid,NA_no_data,expiry,210.4,214.0,3.6,5.8444,5.8444,NA_not_implemented,NA_not_implemented,6522,0,managed_policy,NA_not_implemented,NA_not_implemented,NA_not_implemented,NA_not_implemented,NA_not_implemented,price_structure,1.0,22.0,higher_raw_increases_score,market_alignment,0.666,15.0,higher_raw_increases_score,relvol_momentum,0.987,15.0,higher_raw_increases_score,flow_quality,0.185,10.0,higher_raw_increases_score,contract_liquidity,0.839,18.0,higher_raw_increases_score,volatility,1.0,10.0,higher_raw_increases_score,catalyst_news,0.3,5.0,higher_raw_increases_score,risk_reward,1.0,5.0,higher_raw_increases_score
sd:00547a48bd92,2026-07-24T10:15:26.227554-04:00,0DTE,AAPL,bull_call_spread,B1x330C@2026-07-24 / S1x332.5C@2026-07-24,0,sd-scoring-2026.07-v3,7afa098,scan,UNCALIBRATED,0.8024,NA_no_data,NA_no_data,100.0,0.0,NA_not_implemented,NA_not_implemented,NA_not_implemented,NA_not_implemented,NA_not_implemented,NA_not_implemented,NA_no_data,NA_no_data,NA_not_implemented,NA_not_implemented,NA_not_implemented,NA_not_implemented,NA_not_implemented,NA_not_implemented,NA_not_implemented,morning,modeled_mid,0.36,"commission_only; mid-to-mid marks, no synthetic slippage added",managed_exit_first_trigger,"target +50% of debit OR stop -50% of debit OR time stop at 0 DTE, whichever first; stop checked BEFORE target",win,2026-07-28T22:57:39.765898-04:00,modeled_mid,NA_no_data,expiry,210.4,214.0,3.6,5.8444,5.8444,NA_not_implemented,NA_not_implemented,6522,0,managed_policy,NA_not_implemented,NA_not_implemented,NA_not_implemented,NA_not_implemented,NA_not_implemented,price_structure,1.0,22.0,higher_raw_increases_score,market_alignment,0.666,15.0,higher_raw_increases_score,relvol_momentum,0.987,15.0,higher_raw_increases_score,flow_quality,0.185,10.0,higher_raw_increases_score,contract_liquidity,0.839,18.0,higher_raw_increases_score,volatility,1.0,10.0,higher_raw_increases_score,catalyst_news,0.3,5.0,higher_raw_increases_score,risk_reward,1.0,5.0,higher_raw_increases_score
sd:96de15401237,2026-07-24T10:15:26.227554-04:00,0DTE,META,bear_put_spread,B1x595P@2026-07-24 / S1x590P@2026-07-24,0,sd-scoring-2026.07-v3,7afa098,scan,UNCALIBRATED,0.5467,NA_no_data,NA_no_data,100.0,0.0,NA_not_implemented,NA_not_implemented,NA_not_implemented,NA_not_implemented,NA_not_implemented,NA_not_implemented,NA_no_data,NA_no_data,NA_not_implemented,NA_not_implemented,NA_not_implemented,NA_not_implemented,NA_not_implemented,NA_not_implemented,NA_not_implemented,morning,modeled_mid,0.57,"commission_only; mid-to-mid marks, no synthetic slippage added",managed_exit_first_trigger,"target +50% of debit OR stop -50% of debit OR time stop at 0 DTE, whichever first; stop checked BEFORE target",loss,2026-07-28T22:57:39.765898-04:00,modeled_mid,NA_no_data,expiry,-60.6,-57.0,3.6,-1.0539,-1.0539,NA_not_implemented,NA_not_implemented,6522,0,managed_policy,NA_not_implemented,NA_not_implemented,NA_not_implemented,NA_not_implemented,NA_not_implemented,price_structure,1.0,22.0,higher_raw_increases_score,market_alignment,0.534,15.0,higher_raw_increases_score,relvol_momentum,0.303,15.0,higher_raw_increases_score,flow_quality,0.042,10.0,higher_raw_increases_score,contract_liquidity,0.364,18.0,higher_raw_increases_score,volatility,0.665,10.0,higher_raw_increases_score,catalyst_news,0.3,5.0,higher_raw_increases_score,risk_reward,1.0,5.0,higher_raw_increases_score
sd:21ea6303cad9,2026-07-24T10:15:26.227554-04:00,0DTE,GOOGL,bear_put_spread,B1x317.5P@2026-07-24 / S1x315P@2026-07-24,0,sd-scoring-2026.07-v3,7afa098,scan,UNCALIBRATED,0.4071,NA_no_data,NA_no_data,100.0,0.0,NA_not_implemented,NA_not_implemented,NA_not_implemented,NA_not_implemented,NA_not_implemented,NA_not_implemented,NA_no_data,NA_no_data,NA_not_implemented,NA_not_implemented,NA_not_implemented,NA_not_implemented,NA_not_implemented,NA_not_implemented,NA_not_implemented,morning,modeled_mid,0.32,"commission_only; mid-to-mid marks, no synthetic slippage added",managed_exit_first_trigger,"target +50% of debit OR stop -50% of debit OR time stop at 0 DTE, whichever first; stop checked BEFORE target",loss,2026-07-28T22:57:39.765898-04:00,modeled_mid,NA_no_data,expiry,-35.6,-32.0,3.6,-1.1125,-1.1125,NA_not_implemented,NA_not_implemented,6522,0,managed_policy,NA_not_implemented,NA_not_implemented,NA_not_implemented,NA_not_implemented,NA_not_implemented,price_structure,0.5,22.0,higher_raw_increases_score,market_alignment,0.534,15.0,higher_raw_increases_score,relvol_momentum,0.0,15.0,higher_raw_increases_score,flow_quality,0.098,10.0,higher_raw_increases_score,contract_liquidity,0.512,18.0,higher_raw_increases_score,volatility,0.5,10.0,higher_raw_increases_score,catalyst_news,0.3,5.0,higher_raw_increases_score,risk_reward,1.0,5.0,higher_raw_increases_score
sd:06f894e55298,2026-07-24T10:15:26.227554-04:00,0DTE,TSLA,bear_put_spread,B1x310P@2026-07-24 / S1x305P@2026-07-24,0,sd-scoring-2026.07-v3,7afa098,scan,UNCALIBRATED,0.719,NA_no_data,NA_no_data,100.0,0.0,NA_not_implemented,NA_not_implemented,NA_not_implemented,NA_not_implemented,NA_not_implemented,NA_not_implemented,NA_no_data,NA_no_data,NA_not_implemented,NA_not_implemented,NA_not_implemented,NA_not_implemented,NA_not_implemented,NA_not_implemented,NA_not_implemented,morning,modeled_mid,0.52,"commission_only; mid-to-mid marks, no synthetic slippage added",managed_exit_first_trigger,"target +50% of debit OR stop -50% of debit OR time stop at 0 DTE, whichever first; stop checked BEFORE target",loss,2026-07-28T22:57:39.765898-04:00,modeled_mid,NA_no_data,expiry,-55.6,-52.0,3.6,-1.0692,-1.0692,NA_not_implemented,NA_not_implemented,6522,0,managed_policy,NA_not_implemented,NA_not_implemented,NA_not_implemented,NA_not_implemented,NA_not_implemented,price_structure,1.0,22.0,higher_raw_increases_score,market_alignment,0.534,15.0,higher_raw_increases_score,relvol_momentum,0.618,15.0,higher_raw_increases_score,flow_quality,0.124,10.0,higher_raw_increases_score,contract_liquidity,0.937,18.0,higher_raw_increases_score,volatility,0.801,10.0,higher_raw_increases_score,catalyst_news,0.3,5.0,higher_raw_increases_score,risk_reward,1.0,5.0,higher_raw_increases_score
live:ffdc1b31069b,2026-07-24T09:45:32.430108-04:00,0DTE,TSLA,bear_put_spread,B1x370P@2026-07-24 / S1x365P@2026-07-24,0,NA_no_data,7afa098,live,UNCALIBRATED,0.0,NA_no_data,NA_no_data,NA_no_data,0.0,NA_not_implemented,NA_not_implemented,NA_not_implemented,NA_not_implemented,NA_not_implemented,NA_not_implemented,NA_no_data,NA_no_data,NA_not_implemented,NA_not_implemented,NA_not_implemented,NA_not_implemented,NA_not_implemented,NA_not_implemented,NA_not_implemented,open,actual_fill,2.45,none_real_fill,managed_exit_first_trigger,"target +50% of debit OR stop -50% of debit OR time stop at 7 DTE, whichever first; stop checked BEFORE target",win,2026-07-28T22:57:39.765898-04:00,actual_fill,NA_no_data,expiry,251.4,255.0,3.6,1.0261,1.0261,NA_not_implemented,NA_not_implemented,6552,0,managed_policy,NA_not_implemented,NA_not_implemented,NA_not_implemented,NA_not_implemented,NA_not_implemented,NA_no_data,NA_no_data,NA_no_data,NA_no_data,NA_no_data,NA_no_data,NA_no_data,NA_no_data,NA_no_data,NA_no_data,NA_no_data,NA_no_data,NA_no_data,NA_no_data,NA_no_data,NA_no_data,NA_no_data,NA_no_data,NA_no_data,NA_no_data,NA_no_data,NA_no_data,NA_no_data,NA_no_data,NA_no_data,NA_no_data,NA_no_data,NA_no_data,NA_no_data,NA_no_data,NA_no_data,NA_no_data
sd:0d40715c93d8,2026-07-23T14:52:32.626563-04:00,1-5DTE,SPY,bear_put_spread,B1x728P@2026-07-24 / S1x717P@2026-07-24,1,sd-scoring-2026.07-v3,7afa098,scan,UNCALIBRATED,0.7148,0.0894,bs_zero_drift_traded_expiry_iv,100.0,0.0,NA_not_implemented,NA_not_implemented,NA_not_implemented,NA_not_implemented,NA_not_implemented,NA_not_implemented,NA_no_data,NA_no_data,NA_not_implemented,NA_not_implemented,NA_not_implemented,NA_not_implemented,NA_not_implemented,NA_not_implemented,NA_not_implemented,midday,modeled_mid,0.47,"commission_only; mid-to-mid marks, no synthetic slippage added",managed_exit_first_trigger,"target +50% of debit OR stop -50% of debit OR time stop at 0 DTE, whichever first; stop checked BEFORE target",loss,2026-07-28T22:57:39.765898-04:00,modeled_mid,NA_no_data,stop_loss,-50.6,-47.0,3.6,-1.0766,-1.0766,NA_not_implemented,NA_not_implemented,7685,1,managed_policy,NA_not_implemented,NA_not_implemented,NA_not_implemented,NA_not_implemented,NA_not_implemented,price_structure,1.0,22.0,higher_raw_increases_score,market_alignment,0.534,15.0,higher_raw_increases_score,relvol_momentum,0.689,15.0,higher_raw_increases_score,flow_quality,0.277,10.0,higher_raw_increases_score,contract_liquidity,0.937,18.0,higher_raw_increases_score,volatility,0.5,10.0,higher_raw_increases_score,catalyst_news,0.3,5.0,higher_raw_increases_score,risk_reward,1.0,5.0,higher_raw_increases_score
sd:ff55e734278b,2026-07-23T14:52:32.626563-04:00,1-5DTE,QQQ,bear_put_spread,B1x673P@2026-07-24 / S1x655P@2026-07-24,1,sd-scoring-2026.07-v3,7afa098,scan,UNCALIBRATED,0.7499,0.0641,bs_zero_drift_traded_expiry_iv,100.0,0.0,NA_not_implemented,NA_not_implemented,NA_not_implemented,NA_not_implemented,NA_not_implemented,NA_not_implemented,NA_no_data,NA_no_data,NA_not_implemented,NA_not_implemented,NA_not_implemented,NA_not_implemented,NA_not_implemented,NA_not_implemented,NA_not_implemented,midday,modeled_mid,0.52,"commission_only; mid-to-mid marks, no synthetic slippage added",managed_exit_first_trigger,"target +50% of debit OR stop -50% of debit OR time stop at 0 DTE, whichever first; stop checked BEFORE target",loss,2026-07-28T22:57:39.765898-04:00,modeled_mid,NA_no_data,stop_loss,-55.6,-52.0,3.6,-1.0692,-1.0692,NA_not_implemented,NA_not_implemented,7685,1,managed_policy,NA_not_implemented,NA_not_implemented,NA_not_implemented,NA_not_implemented,NA_not_implemented,price_structure,1.0,22.0,higher_raw_increases_score,market_alignment,0.534,15.0,higher_raw_increases_score,relvol_momentum,1.0,15.0,higher_raw_increases_score,flow_quality,0.172,10.0,higher_raw_increases_score,contract_liquidity,0.931,18.0,higher_raw_increases_score,volatility,0.5,10.0,higher_raw_increases_score,catalyst_news,0.3,5.0,higher_raw_increases_score,risk_reward,1.0,5.0,higher_raw_increases_score
sd:b24c0e1257f2,2026-07-23T14:52:32.626563-04:00,1-5DTE,AAPL,bear_put_spread,B1x315P@2026-07-24 / S1x310P@2026-07-24,1,sd-scoring-2026.07-v3,7afa098,scan,UNCALIBRATED,0.7719,0.1385,bs_zero_drift_traded_expiry_iv,100.0,0.0,NA_not_implemented,NA_not_implemented,NA_not_implemented,NA_not_implemented,NA_not_implemented,NA_not_implemented,NA_no_data,NA_no_data,NA_not_implemented,NA_not_implemented,NA_not_implemented,NA_not_implemented,NA_not_implemented,NA_not_implemented,NA_not_implemented,midday,modeled_mid,0.34,"commission_only; mid-to-mid marks, no synthetic slippage added",managed_exit_first_trigger,"target +50% of debit OR stop -50% of debit OR time stop at 0 DTE, whichever first; stop checked BEFORE target",loss,2026-07-28T22:57:39.765898-04:00,modeled_mid,NA_no_data,stop_loss,-37.6,-34.0,3.6,-1.1059,-1.1059,NA_not_implemented,NA_not_implemented,7685,1,managed_policy,NA_not_implemented,NA_not_implemented,NA_not_implemented,NA_not_implemented,NA_not_implemented,price_structure,1.0,22.0,higher_raw_increases_score,market_alignment,0.534,15.0,higher_raw_increases_score,relvol_momentum,0.875,15.0,higher_raw_increases_score,flow_quality,0.145,10.0,higher_raw_increases_score,contract_liquidity,0.895,18.0,higher_raw_increases_score,volatility,1.0,10.0,higher_raw_increases_score,catalyst_news,0.3,5.0,higher_raw_increases_score,risk_reward,1.0,5.0,higher_raw_increases_score
sd:099ed0ae6864,2026-07-23T14:52:32.626563-04:00,1-5DTE,AMD,bear_put_spread,B1x522.5P@2026-07-24 / S1x520P@2026-07-24,1,sd-scoring-2026.07-v3,7afa098,scan,UNCALIBRATED,0.6689,0.3335,bs_zero_drift_traded_expiry_iv,100.0,0.0,NA_not_implemented,NA_not_implemented,NA_not_implemented,NA_not_implemented,NA_not_implemented,NA_not_implemented,NA_no_data,NA_no_data,NA_not_implemented,NA_not_implemented,NA_not_implemented,NA_not_implemented,NA_not_implemented,NA_not_implemented,NA_not_implemented,midday,modeled_mid,0.57,"commission_only; mid-to-mid marks, no synthetic slippage added",managed_exit_first_trigger,"target +50% of debit OR stop -50% of debit OR time stop at 0 DTE, whichever first; stop checked BEFORE target",win,2026-07-28T22:57:39.765898-04:00,modeled_mid,NA_no_data,profit_target,33.4,37.0,3.6,0.5809,0.5809,NA_not_implemented,NA_not_implemented,7685,1,managed_policy,NA_not_implemented,NA_not_implemented,NA_not_implemented,NA_not_implemented,NA_not_implemented,price_structure,1.0,22.0,higher_raw_increases_score,market_alignment,0.534,15.0,higher_raw_increases_score,relvol_momentum,1.0,15.0,higher_raw_increases_score,flow_quality,0.199,10.0,higher_raw_increases_score,contract_liquidity,0.466,18.0,higher_raw_increases_score,volatility,0.5,10.0,higher_raw_increases_score,catalyst_news,0.3,5.0,higher_raw_increases_score,risk_reward,1.0,5.0,higher_raw_increases_score
sd:4afd4300fd3b,2026-07-23T14:52:32.626563-04:00,1-5DTE,AMZN,bear_put_spread,B1x230P@2026-07-24 / S1x222.5P@2026-07-24,1,sd-scoring-2026.07-v3,7afa098,scan,UNCALIBRATED,0.7994,0.1898,bs_zero_drift_traded_expiry_iv,100.0,0.0,NA_not_implemented,NA_not_implemented,NA_not_implemented,NA_not_implemented,NA_not_implemented,NA_not_implemented,NA_no_data,NA_no_data,NA_not_implemented,NA_not_implemented,NA_not_implemented,NA_not_implemented,NA_not_implemented,NA_not_implemented,NA_not_implemented,midday,modeled_mid,0.57,"commission_only; mid-to-mid marks, no synthetic slippage added",managed_exit_first_trigger,"target +50% of debit OR stop -50% of debit OR time stop at 0 DTE, whichever first; stop checked BEFORE target",loss,2026-07-28T22:57:39.765898-04:00,modeled_mid,NA_no_data,stop_loss,-60.6,-57.0,3.6,-1.0539,-1.0539,NA_not_implemented,NA_not_implemented,7685,1,managed_policy,NA_not_implemented,NA_not_implemented,NA_not_implemented,NA_not_implemented,NA_not_implemented,price_structure,1.0,22.0,higher_raw_increases_score,market_alignment,0.534,15.0,higher_raw_increases_score,relvol_momentum,1.0,15.0,higher_raw_increases_score,flow_quality,0.194,10.0,higher_raw_increases_score,contract_liquidity,0.98,18.0,higher_raw_increases_score,volatility,0.885,10.0,higher_raw_increases_score,catalyst_news,0.3,5.0,higher_raw_increases_score,risk_reward,1.0,5.0,higher_raw_increases_score
sd:0a1c9d60485b,2026-07-23T14:52:32.626563-04:00,1-5DTE,GOOGL,bear_put_spread,B1x312.5P@2026-07-24 / S1x307.5P@2026-07-24,1,sd-scoring-2026.07-v3,7afa098,scan,UNCALIBRATED,0.7025,0.1601,bs_zero_drift_traded_expiry_iv,100.0,0.0,NA_not_implemented,NA_not_implemented,NA_not_implemented,NA_not_implemented,NA_not_implemented,NA_not_implemented,NA_no_data,NA_no_data,NA_not_implemented,NA_not_implemented,NA_not_implemented,NA_not_implemented,NA_not_implemented,NA_not_implemented,NA_not_implemented,midday,modeled_mid,0.45,"commission_only; mid-to-mid marks, no synthetic slippage added",managed_exit_first_trigger,"target +50% of debit OR stop -50% of debit OR time stop at 0 DTE, whichever first; stop checked BEFORE target",loss,2026-07-28T22:57:39.765898-04:00,modeled_mid,NA_no_data,stop_loss,-48.6,-45.0,3.6,-1.08,-1.08,NA_not_implemented,NA_not_implemented,7685,1,managed_policy,NA_not_implemented,NA_not_implemented,NA_not_implemented,NA_not_implemented,NA_not_implemented,price_structure,1.0,22.0,higher_raw_increases_score,market_alignment,0.534,15.0,higher_raw_increases_score,relvol_momentum,1.0,15.0,higher_raw_increases_score,flow_quality,0.136,10.0,higher_raw_increases_score,contract_liquidity,0.688,18.0,higher_raw_increases_score,volatility,0.5,10.0,higher_raw_increases_score,catalyst_news,0.3,5.0,higher_raw_increases_score,risk_reward,1.0,5.0,higher_raw_increases_score
sd:51129e1b2d6f,2026-07-23T14:52:32.626563-04:00,1-5DTE,NFLX,bull_call_spread,B1x69C@2026-07-24 / S1x71C@2026-07-24,1,sd-scoring-2026.07-v3,7afa098,scan,UNCALIBRATED,0.6609,0.3866,bs_zero_drift_traded_expiry_iv,100.0,0.0,NA_not_implemented,NA_not_implemented,NA_not_implemented,NA_not_implemented,NA_not_implemented,NA_not_implemented,NA_no_data,NA_no_data,NA_not_implemented,NA_not_implemented,NA_not_implemented,NA_not_implemented,NA_not_implemented,NA_not_implemented,NA_not_implemented,midday,modeled_mid,0.58,"commission_only; mid-to-mid marks, no synthetic slippage added",managed_exit_first_trigger,"target +50% of debit OR stop -50% of debit OR time stop at 0 DTE, whichever first; stop checked BEFORE target",win,2026-07-28T22:57:39.765898-04:00,modeled_mid,NA_no_data,profit_target,45.9,49.5,3.6,0.7914,0.7914,NA_not_implemented,NA_not_implemented,7685,1,managed_policy,NA_not_implemented,NA_not_implemented,NA_not_implemented,NA_not_implemented,NA_not_implemented,price_structure,1.0,22.0,higher_raw_increases_score,market_alignment,0.666,15.0,higher_raw_increases_score,relvol_momentum,0.463,15.0,higher_raw_increases_score,flow_quality,0.159,10.0,higher_raw_increases_score,contract_liquidity,0.781,18.0,higher_raw_increases_score,volatility,0.5,10.0,higher_raw_increases_score,catalyst_news,0.3,5.0,higher_raw_increases_score,risk_reward,1.0,5.0,higher_raw_increases_score
sd:82ac5456cb46,2026-07-23T14:02:12.837333-04:00,1-5DTE,GOOGL,bear_put_spread,B1x315P@2026-07-24 / S1x310P@2026-07-24,1,sd-scoring-2026.07-v3,7afa098,scan,UNCALIBRATED,0.7072,0.233,bs_zero_drift_traded_expiry_iv,100.0,0.0,NA_not_implemented,NA_not_implemented,NA_not_implemented,NA_not_implemented,NA_not_implemented,NA_not_implemented,NA_no_data,NA_no_data,NA_not_implemented,NA_not_implemented,NA_not_implemented,NA_not_implemented,NA_not_implemented,NA_not_implemented,NA_not_implemented,midday,modeled_mid,0.79,"commission_only; mid-to-mid marks, no synthetic slippage added",managed_exit_first_trigger,"target +50% of debit OR stop -50% of debit OR time stop at 1 DTE, whichever first; stop checked BEFORE target",loss,2026-07-28T22:57:39.765898-04:00,modeled_mid,NA_no_data,stop_loss,-82.6,-79.0,3.6,-1.0522,-1.0522,NA_not_implemented,NA_not_implemented,7735,1,managed_policy,NA_not_implemented,NA_not_implemented,NA_not_implemented,NA_not_implemented,NA_not_implemented,daily_trend,1.0,20.0,higher_raw_increases_score,catalyst_news,0.5,15.0,higher_raw_increases_score,multi_session_flow,0.6,15.0,higher_raw_increases_score,market_alignment,0.534,10.0,higher_raw_increases_score,volatility,0.5,10.0,higher_raw_increases_score,contract_liquidity,0.688,10.0,higher_raw_increases_score,technical_entry,0.7,10.0,higher_raw_increases_score,risk_reward,1.0,10.0,higher_raw_increases_score
sd:94fe906206f3,2026-07-23T14:02:12.837333-04:00,1-5DTE,TSLA,bear_put_spread,B1x310P@2026-07-24 / S1x295P@2026-07-24,1,sd-scoring-2026.07-v3,7afa098,scan,UNCALIBRATED,0.7261,0.1356,bs_zero_drift_traded_expiry_iv,100.0,0.0,NA_not_implemented,NA_not_implemented,NA_not_implemented,NA_not_implemented,NA_not_implemented,NA_not_implemented,NA_no_data,NA_no_data,NA_not_implemented,NA_not_implemented,NA_not_implemented,NA_not_implemented,NA_not_implemented,NA_not_implemented,NA_not_implemented,midday,modeled_mid,0.85,"commission_only; mid-to-mid marks, no synthetic slippage added",managed_exit_first_trigger,"target +50% of debit OR stop -50% of debit OR time stop at 1 DTE, whichever first; stop checked BEFORE target",loss,2026-07-28T22:57:39.765898-04:00,modeled_mid,NA_no_data,stop_loss,-88.6,-85.0,3.6,-1.0363,-1.0363,NA_not_implemented,NA_not_implemented,7735,1,managed_policy,NA_not_implemented,NA_not_implemented,NA_not_implemented,NA_not_implemented,NA_not_implemented,daily_trend,0.85,20.0,higher_raw_increases_score,catalyst_news,0.5,15.0,higher_raw_increases_score,multi_session_flow,0.6,15.0,higher_raw_increases_score,market_alignment,0.534,10.0,higher_raw_increases_score,volatility,0.807,10.0,higher_raw_increases_score,contract_liquidity,0.87,10.0,higher_raw_increases_score,technical_entry,0.7,10.0,higher_raw_increases_score,risk_reward,1.0,10.0,higher_raw_increases_score
sd:3ba98a3152f3,2026-07-23T14:02:12.837333-04:00,1-5DTE,MARA,long_call,B3x13C@2026-07-24,1,sd-scoring-2026.07-v3,7afa098,scan,UNCALIBRATED,0.5122,0.3123,bs_zero_drift_traded_expiry_iv,100.0,0.0,NA_not_implemented,NA_not_implemented,NA_not_implemented,NA_not_implemented,NA_not_implemented,NA_not_implemented,NA_no_data,NA_no_data,NA_not_implemented,NA_not_implemented,NA_not_implemented,NA_not_implemented,NA_not_implemented,NA_not_implemented,NA_not_implemented,midday,modeled_mid,0.29,"commission_only; mid-to-mid marks, no synthetic slippage added",managed_exit_first_trigger,"target +50% of debit OR stop -50% of debit OR time stop at 1 DTE, whichever first; stop checked BEFORE target",loss,2026-07-28T22:57:39.765898-04:00,modeled_mid,NA_no_data,stop_loss,-92.4,-85.5,6.9,-1.0441,-1.0441,NA_not_implemented,NA_not_implemented,7735,1,managed_policy,NA_not_implemented,NA_not_implemented,NA_not_implemented,NA_not_implemented,NA_not_implemented,daily_trend,0.228,20.0,higher_raw_increases_score,catalyst_news,0.5,15.0,higher_raw_increases_score,multi_session_flow,0.6,15.0,higher_raw_increases_score,market_alignment,0.666,10.0,higher_raw_increases_score,volatility,0.5,10.0,higher_raw_increases_score,contract_liquidity,0.5,10.0,higher_raw_increases_score,technical_entry,0.7,10.0,higher_raw_increases_score,risk_reward,0.65,10.0,higher_raw_increases_score
sd:cdd7764f7982,2026-07-23T14:02:12.837333-04:00,1-5DTE,MARA,bull_call_spread,B5x13C@2026-07-24 / S5x13.5C@2026-07-24,1,sd-scoring-2026.07-v3,7afa098,scan,UNCALIBRATED,0.5361,0.3623,bs_zero_drift_traded_expiry_iv,100.0,0.0,NA_not_implemented,NA_not_implemented,NA_not_implemented,NA_not_implemented,NA_not_implemented,NA_not_implemented,NA_no_data,NA_no_data,NA_not_implemented,NA_not_implemented,NA_not_implemented,NA_not_implemented,NA_not_implemented,NA_not_implemented,NA_not_implemented,midday,modeled_mid,0.18,"commission_only; mid-to-mid marks, no synthetic slippage added",managed_exit_first_trigger,"target +50% of debit OR stop -50% of debit OR time stop at 1 DTE, whichever first; stop checked BEFORE target",loss,2026-07-28T22:57:39.765898-04:00,modeled_mid,NA_no_data,stop_loss,-108.0,-90.0,18.0,-1.2,-1.2,NA_not_implemented,NA_not_implemented,7735,1,managed_policy,NA_not_implemented,NA_not_implemented,NA_not_implemented,NA_not_implemented,NA_not_implemented,daily_trend,0.228,20.0,higher_raw_increases_score,catalyst_news,0.5,15.0,higher_raw_increases_score,multi_session_flow,0.6,15.0,higher_raw_increases_score,market_alignment,0.666,10.0,higher_raw_increases_score,volatility,0.5,10.0,higher_raw_increases_score,contract_liquidity,0.5,10.0,higher_raw_increases_score,technical_entry,0.7,10.0,higher_raw_increases_score,risk_reward,0.889,10.0,higher_raw_increases_score
sd:7581a63537e7,2026-07-23T14:02:12.837333-04:00,1-5DTE,RIOT,long_call,B1x24C@2026-07-24,1,sd-scoring-2026.07-v3,7afa098,scan,UNCALIBRATED,0.584,0.3437,bs_zero_drift_traded_expiry_iv,100.0,0.0,NA_not_implemented,NA_not_implemented,NA_not_implemented,NA_not_implemented,NA_not_implemented,NA_not_implemented,NA_no_data,NA_no_data,NA_not_implemented,NA_not_implemented,NA_not_implemented,NA_not_implemented,NA_not_implemented,NA_not_implemented,NA_not_implemented,midday,modeled_mid,0.7,"commission_only; mid-to-mid marks, no synthetic slippage added",managed_exit_first_trigger,"target +50% of debit OR stop -50% of debit OR time stop at 1 DTE, whichever first; stop checked BEFORE target",loss,2026-07-28T22:57:39.765898-04:00,modeled_mid,NA_no_data,stop_loss,-71.8,-69.5,2.3,-1.0257,-1.0257,NA_not_implemented,NA_not_implemented,7735,1,managed_policy,NA_not_implemented,NA_not_implemented,NA_not_implemented,NA_not_implemented,NA_not_implemented,daily_trend,0.18,20.0,higher_raw_increases_score,catalyst_news,0.5,15.0,higher_raw_increases_score,multi_session_flow,1.0,15.0,higher_raw_increases_score,market_alignment,0.666,10.0,higher_raw_increases_score,volatility,0.5,10.0,higher_raw_increases_score,contract_liquidity,0.714,10.0,higher_raw_increases_score,technical_entry,0.7,10.0,higher_raw_increases_score,risk_reward,0.65,10.0,higher_raw_increases_score
sd:43f5985b585d,2026-07-23T14:02:12.837333-04:00,1-5DTE,RIOT,bull_call_spread,B1x23C@2026-07-24 / S1x24C@2026-07-24,1,sd-scoring-2026.07-v3,7afa098,scan,UNCALIBRATED,0.5304,0.5805,bs_zero_drift_traded_expiry_iv,100.0,0.0,NA_not_implemented,NA_not_implemented,NA_not_implemented,NA_not_implemented,NA_not_implemented,NA_not_implemented,NA_no_data,NA_no_data,NA_not_implemented,NA_not_implemented,NA_not_implemented,NA_not_implemented,NA_not_implemented,NA_not_implemented,NA_not_implemented,midday,modeled_mid,0.81,"commission_only; mid-to-mid marks, no synthetic slippage added",managed_exit_first_trigger,"target +50% of debit OR stop -50% of debit OR time stop at 1 DTE, whichever first; stop checked BEFORE target",loss,2026-07-28T22:57:39.765898-04:00,modeled_mid,NA_no_data,stop_loss,-84.6,-81.0,3.6,-1.038,-1.038,NA_not_implemented,NA_not_implemented,7735,1,managed_policy,NA_not_implemented,NA_not_implemented,NA_not_implemented,NA_not_implemented,NA_not_implemented,daily_trend,0.18,20.0,higher_raw_increases_score,catalyst_news,0.5,15.0,higher_raw_increases_score,multi_session_flow,1.0,15.0,higher_raw_increases_score,market_alignment,0.666,10.0,higher_raw_increases_score,volatility,0.5,10.0,higher_raw_increases_score,contract_liquidity,0.714,10.0,higher_raw_increases_score,technical_entry,0.7,10.0,higher_raw_increases_score,risk_reward,0.114,10.0,higher_raw_increases_score
sd:a597b7b648eb,2026-07-23T14:00:16.972807-04:00,1-5DTE,SPY,bear_put_spread,B1x728P@2026-07-24 / S1x717P@2026-07-24,1,sd-scoring-2026.07-v3,7afa098,scan,UNCALIBRATED,0.7157,0.0918,bs_zero_drift_traded_expiry_iv,100.0,0.0,NA_not_implemented,NA_not_implemented,NA_not_implemented,NA_not_implemented,NA_not_implemented,NA_not_implemented,NA_no_data,NA_no_data,NA_not_implemented,NA_not_implemented,NA_not_implemented,NA_not_implemented,NA_not_implemented,NA_not_implemented,NA_not_implemented,midday,modeled_mid,0.55,"commission_only; mid-to-mid marks, no synthetic slippage added",managed_exit_first_trigger,"target +50% of debit OR stop -50% of debit OR time stop at 0 DTE, whichever first; stop checked BEFORE target",loss,2026-07-28T22:57:39.765898-04:00,modeled_mid,NA_no_data,stop_loss,-58.6,-55.0,3.6,-1.0655,-1.0655,NA_not_implemented,NA_not_implemented,7737,1,managed_policy,NA_not_implemented,NA_not_implemented,NA_not_implemented,NA_not_implemented,NA_not_implemented,price_structure,1.0,22.0,higher_raw_increases_score,market_alignment,0.534,15.0,higher_raw_increases_score,relvol_momentum,0.687,15.0,higher_raw_increases_score,flow_quality,0.261,10.0,higher_raw_increases_score,contract_liquidity,0.952,18.0,higher_raw_increases_score,volatility,0.5,10.0,higher_raw_increases_score,catalyst_news,0.3,5.0,higher_raw_increases_score,risk_reward,1.0,5.0,higher_raw_increases_score
sd:e67be06f6443,2026-07-23T14:00:16.972807-04:00,1-5DTE,QQQ,bear_put_spread,B1x673P@2026-07-24 / S1x653P@2026-07-24,1,sd-scoring-2026.07-v3,7afa098,scan,UNCALIBRATED,0.754,0.0519,bs_zero_drift_traded_expiry_iv,100.0,0.0,NA_not_implemented,NA_not_implemented,NA_not_implemented,NA_not_implemented,NA_not_implemented,NA_not_implemented,NA_no_data,NA_no_data,NA_not_implemented,NA_not_implemented,NA_not_implemented,NA_not_implemented,NA_not_implemented,NA_not_implemented,NA_not_implemented,midday,modeled_mid,0.51,"commission_only; mid-to-mid marks, no synthetic slippage added",managed_exit_first_trigger,"target +50% of debit OR stop -50% of debit OR time stop at 0 DTE, whichever first; stop checked BEFORE target",loss,2026-07-28T22:57:39.765898-04:00,modeled_mid,NA_no_data,stop_loss,-54.6,-51.0,3.6,-1.0706,-1.0706,NA_not_implemented,NA_not_implemented,7737,1,managed_policy,NA_not_implemented,NA_not_implemented,NA_not_implemented,NA_not_implemented,NA_not_implemented,price_structure,1.0,22.0,higher_raw_increases_score,market_alignment,0.534,15.0,higher_raw_increases_score,relvol_momentum,1.0,15.0,higher_raw_increases_score,flow_quality,0.208,10.0,higher_raw_increases_score,contract_liquidity,0.934,18.0,higher_raw_increases_score,volatility,0.5,10.0,higher_raw_increases_score,catalyst_news,0.3,5.0,higher_raw_increases_score,risk_reward,1.0,5.0,higher_raw_increases_score
sd:9e9db95900a8,2026-07-23T14:00:16.972807-04:00,1-5DTE,AAPL,bear_put_spread,B1x315P@2026-07-24 / S1x310P@2026-07-24,1,sd-scoring-2026.07-v3,7afa098,scan,UNCALIBRATED,0.763,0.1384,bs_zero_drift_traded_expiry_iv,100.0,0.0,NA_not_implemented,NA_not_implemented,NA_not_implemented,NA_not_implemented,NA_not_implemented,NA_not_implemented,NA_no_data,NA_no_data,NA_not_implemented,NA_not_implemented,NA_not_implemented,NA_not_implemented,NA_not_implemented,NA_not_implemented,NA_not_implemented,midday,modeled_mid,0.35,"commission_only; mid-to-mid marks, no synthetic slippage added",managed_exit_first_trigger,"target +50% of debit OR stop -50% of debit OR time stop at 0 DTE, whichever first; stop checked BEFORE target",loss,2026-07-28T22:57:39.765898-04:00,modeled_mid,NA_no_data,stop_loss,-38.6,-35.0,3.6,-1.0873,-1.0873,NA_not_implemented,NA_not_implemented,7737,1,managed_policy,NA_not_implemented,NA_not_implemented,NA_not_implemented,NA_not_implemented,NA_not_implemented,price_structure,1.0,22.0,higher_raw_increases_score,market_alignment,0.534,15.0,higher_raw_increases_score,relvol_momentum,0.821,15.0,higher_raw_increases_score,flow_quality,0.187,10.0,higher_raw_increases_score,contract_liquidity,0.867,18.0,higher_raw_increases_score,volatility,1.0,10.0,higher_raw_increases_score,catalyst_news,0.3,5.0,higher_raw_increases_score,risk_reward,1.0,5.0,higher_raw_increases_score
sd:835682694e06,2026-07-23T14:00:16.972807-04:00,1-5DTE,AMD,bear_put_spread,B4x522.5P@2026-07-24 / S4x520P@2026-07-24,1,sd-scoring-2026.07-v3,7afa098,scan,UNCALIBRATED,0.6771,0.3405,bs_zero_drift_traded_expiry_iv,100.0,0.0,NA_not_implemented,NA_not_implemented,NA_not_implemented,NA_not_implemented,NA_not_implemented,NA_not_implemented,NA_no_data,NA_no_data,NA_not_implemented,NA_not_implemented,NA_not_implemented,NA_not_implemented,NA_not_implemented,NA_not_implemented,NA_not_implemented,midday,modeled_mid,0.15,"commission_only; mid-to-mid marks, no synthetic slippage added",managed_exit_first_trigger,"target +50% of debit OR stop -50% of debit OR time stop at 0 DTE, whichever first; stop checked BEFORE target",win,2026-07-28T22:57:39.765898-04:00,modeled_mid,NA_no_data,profit_target,301.6,316.0,14.4,5.0267,5.0267,NA_not_implemented,NA_not_implemented,7737,1,managed_policy,NA_not_implemented,NA_not_implemented,NA_not_implemented,NA_not_implemented,NA_not_implemented,price_structure,1.0,22.0,higher_raw_increases_score,market_alignment,0.534,15.0,higher_raw_increases_score,relvol_momentum,1.0,15.0,higher_raw_increases_score,flow_quality,0.179,10.0,higher_raw_increases_score,contract_liquidity,0.523,18.0,higher_raw_increases_score,volatility,0.5,10.0,higher_raw_increases_score,catalyst_news,0.3,5.0,higher_raw_increases_score,risk_reward,1.0,5.0,higher_raw_increases_score
sd:e7d0e0263bf2,2026-07-23T14:00:16.972807-04:00,1-5DTE,AMZN,bear_put_spread,B1x230P@2026-07-24 / S1x222.5P@2026-07-24,1,sd-scoring-2026.07-v3,7afa098,scan,UNCALIBRATED,0.7789,0.1753,bs_zero_drift_traded_expiry_iv,100.0,0.0,NA_not_implemented,NA_not_implemented,NA_not_implemented,NA_not_implemented,NA_not_implemented,NA_not_implemented,NA_no_data,NA_no_data,NA_not_implemented,NA_not_implemented,NA_not_implemented,NA_not_implemented,NA_not_implemented,NA_not_implemented,NA_not_implemented,midday,modeled_mid,0.47,"commission_only; mid-to-mid marks, no synthetic slippage added",managed_exit_first_trigger,"target +50% of debit OR stop -50% of debit OR time stop at 0 DTE, whichever first; stop checked BEFORE target",loss,2026-07-28T22:57:39.765898-04:00,modeled_mid,NA_no_data,stop_loss,-50.6,-47.0,3.6,-1.0766,-1.0766,NA_not_implemented,NA_not_implemented,7737,1,managed_policy,NA_not_implemented,NA_not_implemented,NA_not_implemented,NA_not_implemented,NA_not_implemented,price_structure,1.0,22.0,higher_raw_increases_score,market_alignment,0.534,15.0,higher_raw_increases_score,relvol_momentum,1.0,15.0,higher_raw_increases_score,flow_quality,0.156,10.0,higher_raw_increases_score,contract_liquidity,0.893,18.0,higher_raw_increases_score,volatility,0.875,10.0,higher_raw_increases_score,catalyst_news,0.3,5.0,higher_raw_increases_score,risk_reward,1.0,5.0,higher_raw_increases_score
sd:bf41edb6546e,2026-07-23T14:00:16.972807-04:00,1-5DTE,GOOGL,bear_put_spread,B1x312.5P@2026-07-24 / S1x307.5P@2026-07-24,1,sd-scoring-2026.07-v3,7afa098,scan,UNCALIBRATED,0.7201,0.1673,bs_zero_drift_traded_expiry_iv,100.0,0.0,NA_not_implemented,NA_not_implemented,NA_not_implemented,NA_not_implemented,NA_not_implemented,NA_not_implemented,NA_no_data,NA_no_data,NA_not_implemented,NA_not_implemented,NA_not_implemented,NA_not_implemented,NA_not_implemented,NA_not_implemented,NA_not_implemented,midday,modeled_mid,0.48,"commission_only; mid-to-mid marks, no synthetic slippage added",managed_exit_first_trigger,"target +50% of debit OR stop -50% of debit OR time stop at 0 DTE, whichever first; stop checked BEFORE target",loss,2026-07-28T22:57:39.765898-04:00,modeled_mid,NA_no_data,stop_loss,-51.6,-48.0,3.6,-1.0639,-1.0639,NA_not_implemented,NA_not_implemented,7737,1,managed_policy,NA_not_implemented,NA_not_implemented,NA_not_implemented,NA_not_implemented,NA_not_implemented,price_structure,1.0,22.0,higher_raw_increases_score,market_alignment,0.534,15.0,higher_raw_increases_score,relvol_momentum,1.0,15.0,higher_raw_increases_score,flow_quality,0.175,10.0,higher_raw_increases_score,contract_liquidity,0.764,18.0,higher_raw_increases_score,volatility,0.5,10.0,higher_raw_increases_score,catalyst_news,0.3,5.0,higher_raw_increases_score,risk_reward,1.0,5.0,higher_raw_increases_score
sd:b53f67921c89,2026-07-23T14:00:16.972807-04:00,1-5DTE,NFLX,bull_call_spread,B1x69C@2026-07-24 / S1x71C@2026-07-24,1,sd-scoring-2026.07-v3,7afa098,scan,UNCALIBRATED,0.6753,0.3919,bs_zero_drift_traded_expiry_iv,100.0,0.0,NA_not_implemented,NA_not_implemented,NA_not_implemented,NA_not_implemented,NA_not_implemented,NA_not_implemented,NA_no_data,NA_no_data,NA_not_implemented,NA_not_implemented,NA_not_implemented,NA_not_implemented,NA_not_implemented,NA_not_implemented,NA_not_implemented,midday,modeled_mid,0.56,"commission_only; mid-to-mid marks, no synthetic slippage added",managed_exit_first_trigger,"target +50% of debit OR stop -50% of debit OR time stop at 0 DTE, whichever first; stop checked BEFORE target",win,2026-07-28T22:57:39.765898-04:00,modeled_mid,NA_no_data,profit_target,47.9,51.5,3.6,0.8478,0.8478,NA_not_implemented,NA_not_implemented,7737,1,managed_policy,NA_not_implemented,NA_not_implemented,NA_not_implemented,NA_not_implemented,NA_not_implemented,price_structure,1.0,22.0,higher_raw_increases_score,market_alignment,0.666,15.0,higher_raw_increases_score,relvol_momentum,0.478,15.0,higher_raw_increases_score,flow_quality,0.155,10.0,higher_raw_increases_score,contract_liquidity,0.851,18.0,higher_raw_increases_score,volatility,0.5,10.0,higher_raw_increases_score,catalyst_news,0.3,5.0,higher_raw_increases_score,risk_reward,1.0,5.0,higher_raw_increases_score
live:4344814c1ef8,2026-07-23T11:00:00-04:00,1-5DTE,JPM,bull_call_spread,B1x352.5C@2026-07-24 / S1x355C@2026-07-24,1,NA_no_data,7afa098,live,UNCALIBRATED,0.0,NA_no_data,NA_no_data,NA_no_data,0.0,NA_not_implemented,NA_not_implemented,NA_not_implemented,NA_not_implemented,NA_not_implemented,NA_not_implemented,NA_no_data,NA_no_data,NA_not_implemented,NA_not_implemented,NA_not_implemented,NA_not_implemented,NA_not_implemented,NA_not_implemented,NA_not_implemented,morning,actual_fill,0.25,none_real_fill,managed_exit_first_trigger,"target +50% of debit OR stop -50% of debit OR time stop at 7 DTE, whichever first; stop checked BEFORE target",win,2026-07-28T22:57:39.765898-04:00,actual_fill,NA_no_data,profit_target,86.8,94.0,7.2,1.736,1.736,NA_not_implemented,NA_not_implemented,7918,1,managed_policy,NA_not_implemented,NA_not_implemented,NA_not_implemented,NA_not_implemented,NA_not_implemented,NA_no_data,NA_no_data,NA_no_data,NA_no_data,NA_no_data,NA_no_data,NA_no_data,NA_no_data,NA_no_data,NA_no_data,NA_no_data,NA_no_data,NA_no_data,NA_no_data,NA_no_data,NA_no_data,NA_no_data,NA_no_data,NA_no_data,NA_no_data,NA_no_data,NA_no_data,NA_no_data,NA_no_data,NA_no_data,NA_no_data,NA_no_data,NA_no_data,NA_no_data,NA_no_data,NA_no_data,NA_no_data
live:rh9957b5580c,2026-07-20T15:16:48.309000-04:00,1-5DTE,TSLA,bear_put_spread,S1x365P@2026-07-24 / B1x370P@2026-07-24,4,NA_no_data,7afa098,live,UNCALIBRATED,0.0,NA_no_data,NA_no_data,NA_no_data,0.0,NA_not_implemented,NA_not_implemented,NA_not_implemented,NA_not_implemented,NA_not_implemented,NA_not_implemented,NA_no_data,NA_no_data,NA_not_implemented,NA_not_implemented,NA_not_implemented,NA_not_implemented,NA_not_implemented,NA_not_implemented,NA_not_implemented,power_hour,actual_fill,2.45,none_real_fill,managed_exit_first_trigger,"target +50% of debit OR stop -50% of debit OR time stop at 7 DTE, whichever first; stop checked BEFORE target",loss,2026-07-28T22:57:39.765898-04:00,actual_fill,NA_no_data,time_stop,-73.6,-70.0,3.6,-0.3004,-0.3004,NA_not_implemented,NA_not_implemented,11981,1,managed_policy,NA_not_implemented,NA_not_implemented,NA_not_implemented,NA_not_implemented,NA_not_implemented,NA_no_data,NA_no_data,NA_no_data,NA_no_data,NA_no_data,NA_no_data,NA_no_data,NA_no_data,NA_no_data,NA_no_data,NA_no_data,NA_no_data,NA_no_data,NA_no_data,NA_no_data,NA_no_data,NA_no_data,NA_no_data,NA_no_data,NA_no_data,NA_no_data,NA_no_data,NA_no_data,NA_no_data,NA_no_data,NA_no_data,NA_no_data,NA_no_data,NA_no_data,NA_no_data,NA_no_data,NA_no_data
live:25d08684f04a,2026-07-17T11:00:00-04:00,LONG,NFLX,bear_put_spread,B1x66P@2026-08-14 / S1x63P@2026-08-14,28,NA_no_data,7afa098,live,UNCALIBRATED,0.0,NA_no_data,NA_no_data,NA_no_data,0.0,NA_not_implemented,NA_not_implemented,NA_not_implemented,NA_not_implemented,NA_not_implemented,NA_not_implemented,NA_no_data,NA_no_data,NA_not_implemented,NA_not_implemented,NA_not_implemented,NA_not_implemented,NA_not_implemented,NA_not_implemented,NA_not_implemented,morning,actual_fill,0.79,none_real_fill,realized_close,discretionary human close,loss,2026-07-28T10:55:06.322000-04:00,actual_fill,NA_no_data,NA_no_data,-66.0,NA_no_data,NA_no_data,-0.8354,-0.8354,NA_not_implemented,NA_not_implemented,15835,11,live_close,NA_not_implemented,NA_not_implemented,NA_not_implemented,NA_not_implemented,NA_not_implemented,NA_no_data,NA_no_data,NA_no_data,NA_no_data,NA_no_data,NA_no_data,NA_no_data,NA_no_data,NA_no_data,NA_no_data,NA_no_data,NA_no_data,NA_no_data,NA_no_data,NA_no_data,NA_no_data,NA_no_data,NA_no_data,NA_no_data,NA_no_data,NA_no_data,NA_no_data,NA_no_data,NA_no_data,NA_no_data,NA_no_data,NA_no_data,NA_no_data,NA_no_data,NA_no_data,NA_no_data,NA_no_data
live:a90470f9b07a,2026-07-17T11:00:00-04:00,LONG,XLF,long_call,B1x57C@2026-08-28,42,NA_no_data,7afa098,live,UNCALIBRATED,0.0,NA_no_data,NA_no_data,NA_no_data,0.0,NA_not_implemented,NA_not_implemented,NA_not_implemented,NA_not_implemented,NA_not_implemented,NA_not_implemented,NA_no_data,NA_no_data,NA_not_implemented,NA_not_implemented,NA_not_implemented,NA_not_implemented,NA_not_implemented,NA_not_implemented,NA_not_implemented,morning,actual_fill,1.36,none_real_fill,realized_close,discretionary human close,loss,2026-07-27T12:25:56.473000-04:00,actual_fill,NA_no_data,NA_no_data,-60.0,NA_no_data,NA_no_data,-0.2206,-0.2206,NA_not_implemented,NA_not_implemented,14486,10,live_close,NA_not_implemented,NA_not_implemented,NA_not_implemented,NA_not_implemented,NA_not_implemented,NA_no_data,NA_no_data,NA_no_data,NA_no_data,NA_no_data,NA_no_data,NA_no_data,NA_no_data,NA_no_data,NA_no_data,NA_no_data,NA_no_data,NA_no_data,NA_no_data,NA_no_data,NA_no_data,NA_no_data,NA_no_data,NA_no_data,NA_no_data,NA_no_data,NA_no_data,NA_no_data,NA_no_data,NA_no_data,NA_no_data,NA_no_data,NA_no_data,NA_no_data,NA_no_data,NA_no_data,NA_no_data
live:c0f401259eaa,2026-07-16T11:00:00-04:00,LONG,MSFT,bull_call_spread,B1x400C@2026-08-07 / S1x410C@2026-08-07,22,NA_no_data,7afa098,live,UNCALIBRATED,0.0,NA_no_data,NA_no_data,NA_no_data,0.0,NA_not_implemented,NA_not_implemented,NA_not_implemented,NA_not_implemented,NA_not_implemented,NA_not_implemented,NA_no_data,NA_no_data,NA_not_implemented,NA_not_implemented,NA_not_implemented,NA_not_implemented,NA_not_implemented,NA_not_implemented,NA_not_implemented,morning,actual_fill,4.68,none_real_fill,realized_close,discretionary human close,loss,2026-07-28T11:51:16.178000-04:00,actual_fill,NA_no_data,NA_no_data,-62.0,NA_no_data,NA_no_data,-0.1325,-0.1325,NA_not_implemented,NA_not_implemented,17331,12,live_close,NA_not_implemented,NA_not_implemented,NA_not_implemented,NA_not_implemented,NA_not_implemented,NA_no_data,NA_no_data,NA_no_data,NA_no_data,NA_no_data,NA_no_data,NA_no_data,NA_no_data,NA_no_data,NA_no_data,NA_no_data,NA_no_data,NA_no_data,NA_no_data,NA_no_data,NA_no_data,NA_no_data,NA_no_data,NA_no_data,NA_no_data,NA_no_data,NA_no_data,NA_no_data,NA_no_data,NA_no_data,NA_no_data,NA_no_data,NA_no_data,NA_no_data,NA_no_data,NA_no_data,NA_no_data
live:3250b505ff43,2026-07-16T11:00:00-04:00,LONG,GOOGL,bull_call_spread,B1x355C@2026-07-31 / S1x365C@2026-07-31,15,NA_no_data,7afa098,live,UNCALIBRATED,0.0,NA_no_data,NA_no_data,NA_no_data,0.0,NA_not_implemented,NA_not_implemented,NA_not_implemented,NA_not_implemented,NA_not_implemented,NA_not_implemented,NA_no_data,NA_no_data,NA_not_implemented,NA_not_implemented,NA_not_implemented,NA_not_implemented,NA_not_implemented,NA_not_implemented,NA_not_implemented,morning,actual_fill,4.35,none_real_fill,realized_close,discretionary human close,loss,2026-07-28T10:03:30.116000-04:00,actual_fill,NA_no_data,NA_no_data,-427.0,NA_no_data,NA_no_data,-0.9816,-0.9816,NA_not_implemented,NA_not_implemented,17224,12,live_close,NA_not_implemented,NA_not_implemented,NA_not_implemented,NA_not_implemented,NA_not_implemented,NA_no_data,NA_no_data,NA_no_data,NA_no_data,NA_no_data,NA_no_data,NA_no_data,NA_no_data,NA_no_data,NA_no_data,NA_no_data,NA_no_data,NA_no_data,NA_no_data,NA_no_data,NA_no_data,NA_no_data,NA_no_data,NA_no_data,NA_no_data,NA_no_data,NA_no_data,NA_no_data,NA_no_data,NA_no_data,NA_no_data,NA_no_data,NA_no_data,NA_no_data,NA_no_data,NA_no_data,NA_no_data
live:rh5195fa2bad,2026-07-15T09:31:14.467000-04:00,1-5DTE,NOW,long_call,B1x107C@2026-07-17,2,NA_no_data,7afa098,live,UNCALIBRATED,0.0,NA_no_data,NA_no_data,NA_no_data,0.0,NA_not_implemented,NA_not_implemented,NA_not_implemented,NA_not_implemented,NA_not_implemented,NA_not_implemented,NA_no_data,NA_no_data,NA_not_implemented,NA_not_implemented,NA_not_implemented,NA_not_implemented,NA_not_implemented,NA_not_implemented,NA_not_implemented,open,actual_fill,2.62,none_real_fill,managed_exit_first_trigger,"target +50% of debit OR stop -50% of debit OR time stop at 7 DTE, whichever first; stop checked BEFORE target",loss,2026-07-28T22:57:39.765898-04:00,actual_fill,NA_no_data,stop_loss,-218.3,-216.0,2.3,-0.8332,-0.8332,NA_not_implemented,NA_not_implemented,19526,1,managed_policy,NA_not_implemented,NA_not_implemented,NA_not_implemented,NA_not_implemented,NA_not_implemented,NA_no_data,NA_no_data,NA_no_data,NA_no_data,NA_no_data,NA_no_data,NA_no_data,NA_no_data,NA_no_data,NA_no_data,NA_no_data,NA_no_data,NA_no_data,NA_no_data,NA_no_data,NA_no_data,NA_no_data,NA_no_data,NA_no_data,NA_no_data,NA_no_data,NA_no_data,NA_no_data,NA_no_data,NA_no_data,NA_no_data,NA_no_data,NA_no_data,NA_no_data,NA_no_data,NA_no_data,NA_no_data
live:rha20c6ff00c,2026-07-14T09:55:20.324000-04:00,1-5DTE,BAC,long_call,B1x61C@2026-07-17,3,NA_no_data,7afa098,live,UNCALIBRATED,0.0,NA_no_data,NA_no_data,NA_no_data,0.0,NA_not_implemented,NA_not_implemented,NA_not_implemented,NA_not_implemented,NA_not_implemented,NA_not_implemented,NA_no_data,NA_no_data,NA_not_implemented,NA_not_implemented,NA_not_implemented,NA_not_implemented,NA_not_implemented,NA_not_implemented,NA_not_implemented,open,actual_fill,0.46,none_real_fill,managed_exit_first_trigger,"target +50% of debit OR stop -50% of debit OR time stop at 7 DTE, whichever first; stop checked BEFORE target",win,2026-07-28T22:57:39.765898-04:00,actual_fill,NA_no_data,profit_target,36.2,38.5,2.3,0.787,0.787,NA_not_implemented,NA_not_implemented,20942,1,managed_policy,NA_not_implemented,NA_not_implemented,NA_not_implemented,NA_not_implemented,NA_not_implemented,NA_no_data,NA_no_data,NA_no_data,NA_no_data,NA_no_data,NA_no_data,NA_no_data,NA_no_data,NA_no_data,NA_no_data,NA_no_data,NA_no_data,NA_no_data,NA_no_data,NA_no_data,NA_no_data,NA_no_data,NA_no_data,NA_no_data,NA_no_data,NA_no_data,NA_no_data,NA_no_data,NA_no_data,NA_no_data,NA_no_data,NA_no_data,NA_no_data,NA_no_data,NA_no_data,NA_no_data,NA_no_data
live:b0925b3e0dd3,2026-07-13T11:00:00-04:00,LONG,NVDA,bull_call_spread,B1x210C@2026-08-21 / S1x215C@2026-08-21,39,NA_no_data,7afa098,live,UNCALIBRATED,0.0,NA_no_data,NA_no_data,NA_no_data,0.0,NA_not_implemented,NA_not_implemented,NA_not_implemented,NA_not_implemented,NA_not_implemented,NA_not_implemented,NA_no_data,NA_no_data,NA_not_implemented,NA_not_implemented,NA_not_implemented,NA_not_implemented,NA_not_implemented,NA_not_implemented,NA_not_implemented,morning,actual_fill,2.25,none_real_fill,realized_close,discretionary human close,loss,2026-07-28T10:04:51.011000-04:00,actual_fill,NA_no_data,NA_no_data,-131.0,NA_no_data,NA_no_data,-0.5822,-0.5822,NA_not_implemented,NA_not_implemented,21545,15,live_close,NA_not_implemented,NA_not_implemented,NA_not_implemented,NA_not_implemented,NA_not_implemented,NA_no_data,NA_no_data,NA_no_data,NA_no_data,NA_no_data,NA_no_data,NA_no_data,NA_no_data,NA_no_data,NA_no_data,NA_no_data,NA_no_data,NA_no_data,NA_no_data,NA_no_data,NA_no_data,NA_no_data,NA_no_data,NA_no_data,NA_no_data,NA_no_data,NA_no_data,NA_no_data,NA_no_data,NA_no_data,NA_no_data,NA_no_data,NA_no_data,NA_no_data,NA_no_data,NA_no_data,NA_no_data
live:6317b7e1f30b,2026-07-10T11:00:00-04:00,LONG,SOFI,bull_call_spread,B1x19C@2026-08-21 / S1x24C@2026-08-21,42,NA_no_data,7afa098,live,UNCALIBRATED,0.0,NA_no_data,NA_no_data,NA_no_data,0.0,NA_not_implemented,NA_not_implemented,NA_not_implemented,NA_not_implemented,NA_not_implemented,NA_not_implemented,NA_no_data,NA_no_data,NA_not_implemented,NA_not_implemented,NA_not_implemented,NA_not_implemented,NA_not_implemented,NA_not_implemented,NA_not_implemented,morning,actual_fill,1.26,none_real_fill,realized_close,discretionary human close,loss,2026-07-28T09:46:27.867000-04:00,actual_fill,NA_no_data,NA_no_data,-196.0,NA_no_data,NA_no_data,-0.7778,-0.7778,NA_not_implemented,NA_not_implemented,25846,18,live_close,NA_not_implemented,NA_not_implemented,NA_not_implemented,NA_not_implemented,NA_not_implemented,NA_no_data,NA_no_data,NA_no_data,NA_no_data,NA_no_data,NA_no_data,NA_no_data,NA_no_data,NA_no_data,NA_no_data,NA_no_data,NA_no_data,NA_no_data,NA_no_data,NA_no_data,NA_no_data,NA_no_data,NA_no_data,NA_no_data,NA_no_data,NA_no_data,NA_no_data,NA_no_data,NA_no_data,NA_no_data,NA_no_data,NA_no_data,NA_no_data,NA_no_data,NA_no_data,NA_no_data,NA_no_data
live:rh90443d9d3b,2026-07-09T10:51:19.644000-04:00,LONG,UNH,bull_call_spread,B1x430C@2026-08-21 / S1x440C@2026-08-21,43,NA_no_data,7afa098,live,UNCALIBRATED,0.0,NA_no_data,NA_no_data,NA_no_data,0.0,NA_not_implemented,NA_not_implemented,NA_not_implemented,NA_not_implemented,NA_not_implemented,NA_not_implemented,NA_no_data,NA_no_data,NA_not_implemented,NA_not_implemented,NA_not_implemented,NA_not_implemented,NA_not_implemented,NA_not_implemented,NA_not_implemented,morning,actual_fill,4.98,none_real_fill,realized_close,discretionary human close,loss,2026-07-15T11:52:51.569000-04:00,actual_fill,NA_no_data,NA_no_data,-98.0,NA_no_data,NA_no_data,-0.1968,-0.1968,NA_not_implemented,NA_not_implemented,8702,6,live_close,NA_not_implemented,NA_not_implemented,NA_not_implemented,NA_not_implemented,NA_not_implemented,NA_no_data,NA_no_data,NA_no_data,NA_no_data,NA_no_data,NA_no_data,NA_no_data,NA_no_data,NA_no_data,NA_no_data,NA_no_data,NA_no_data,NA_no_data,NA_no_data,NA_no_data,NA_no_data,NA_no_data,NA_no_data,NA_no_data,NA_no_data,NA_no_data,NA_no_data,NA_no_data,NA_no_data,NA_no_data,NA_no_data,NA_no_data,NA_no_data,NA_no_data,NA_no_data,NA_no_data,NA_no_data
live:rhac97f1428f,2026-07-08T13:45:48.669000-04:00,LONG,SPY,bull_call_spread,B1x746C@2026-08-21 / S1x751C@2026-08-21,44,NA_no_data,7afa098,live,UNCALIBRATED,0.0,NA_no_data,NA_no_data,NA_no_data,0.0,NA_not_implemented,NA_not_implemented,NA_not_implemented,NA_not_implemented,NA_not_implemented,NA_not_implemented,NA_no_data,NA_no_data,NA_not_implemented,NA_not_implemented,NA_not_implemented,NA_not_implemented,NA_not_implemented,NA_not_implemented,NA_not_implemented,midday,actual_fill,3.0,none_real_fill,realized_close,discretionary human close,win,2026-07-10T10:44:43.126000-04:00,actual_fill,NA_no_data,NA_no_data,38.0,NA_no_data,NA_no_data,0.1267,0.1267,NA_not_implemented,NA_not_implemented,2699,2,live_close,NA_not_implemented,NA_not_implemented,NA_not_implemented,NA_not_implemented,NA_not_implemented,NA_no_data,NA_no_data,NA_no_data,NA_no_data,NA_no_data,NA_no_data,NA_no_data,NA_no_data,NA_no_data,NA_no_data,NA_no_data,NA_no_data,NA_no_data,NA_no_data,NA_no_data,NA_no_data,NA_no_data,NA_no_data,NA_no_data,NA_no_data,NA_no_data,NA_no_data,NA_no_data,NA_no_data,NA_no_data,NA_no_data,NA_no_data,NA_no_data,NA_no_data,NA_no_data,NA_no_data,NA_no_data
live:rhe9c7a62c61,2026-07-08T10:20:47.007000-04:00,LONG,BAC,bull_call_spread,B1x59C@2026-07-24 / S1x62C@2026-07-24,16,NA_no_data,7afa098,live,UNCALIBRATED,0.0,NA_no_data,NA_no_data,NA_no_data,0.0,NA_not_implemented,NA_not_implemented,NA_not_implemented,NA_not_implemented,NA_not_implemented,NA_not_implemented,NA_no_data,NA_no_data,NA_not_implemented,NA_not_implemented,NA_not_implemented,NA_not_implemented,NA_not_implemented,NA_not_implemented,NA_not_implemented,morning,actual_fill,1.06,none_real_fill,managed_exit_first_trigger,"target +50% of debit OR stop -50% of debit OR time stop at 7 DTE, whichever first; stop checked BEFORE target",win,2026-07-28T22:57:39.765898-04:00,actual_fill,NA_no_data,profit_target,106.8,114.0,7.2,0.5038,0.5038,NA_not_implemented,NA_not_implemented,29557,6,managed_policy,NA_not_implemented,NA_not_implemented,NA_not_implemented,NA_not_implemented,NA_not_implemented,NA_no_data,NA_no_data,NA_no_data,NA_no_data,NA_no_data,NA_no_data,NA_no_data,NA_no_data,NA_no_data,NA_no_data,NA_no_data,NA_no_data,NA_no_data,NA_no_data,NA_no_data,NA_no_data,NA_no_data,NA_no_data,NA_no_data,NA_no_data,NA_no_data,NA_no_data,NA_no_data,NA_no_data,NA_no_data,NA_no_data,NA_no_data,NA_no_data,NA_no_data,NA_no_data,NA_no_data,NA_no_data
live:rh5bc1d0e0a2,2026-07-07T13:42:44.662000-04:00,LONG,NFLX,bull_put_spread,B1x71P@2026-07-24 / S1x76P@2026-07-24,17,NA_no_data,7afa098,live,UNCALIBRATED,0.0,NA_no_data,NA_no_data,NA_no_data,0.0,NA_not_implemented,NA_not_implemented,NA_not_implemented,NA_not_implemented,NA_not_implemented,NA_not_implemented,NA_no_data,NA_no_data,NA_not_implemented,NA_not_implemented,NA_not_implemented,NA_not_implemented,NA_not_implemented,NA_not_implemented,NA_not_implemented,midday,actual_fill,-1.89,none_real_fill,managed_exit_first_trigger,"target +50% of debit OR stop -50% of debit OR time stop at 7 DTE, whichever first; stop checked BEFORE target",loss,2026-07-28T22:57:39.765898-04:00,actual_fill,NA_no_data,stop_loss,-250.1,-246.5,3.6,-1.3233,-1.3233,NA_not_implemented,NA_not_implemented,30795,10,managed_policy,NA_not_implemented,NA_not_implemented,NA_not_implemented,NA_not_implemented,NA_not_implemented,NA_no_data,NA_no_data,NA_no_data,NA_no_data,NA_no_data,NA_no_data,NA_no_data,NA_no_data,NA_no_data,NA_no_data,NA_no_data,NA_no_data,NA_no_data,NA_no_data,NA_no_data,NA_no_data,NA_no_data,NA_no_data,NA_no_data,NA_no_data,NA_no_data,NA_no_data,NA_no_data,NA_no_data,NA_no_data,NA_no_data,NA_no_data,NA_no_data,NA_no_data,NA_no_data,NA_no_data,NA_no_data
live:rhdc11ff9b57,2026-07-02T11:08:19.792000-04:00,LONG,DKNG,bull_call_spread,B1x27.5C@2026-08-21 / S1x30C@2026-08-21,50,NA_no_data,7afa098,live,UNCALIBRATED,0.0,NA_no_data,NA_no_data,NA_no_data,0.0,NA_not_implemented,NA_not_implemented,NA_not_implemented,NA_not_implemented,NA_not_implemented,NA_not_implemented,NA_no_data,NA_no_data,NA_not_implemented,NA_not_implemented,NA_not_implemented,NA_not_implemented,NA_not_implemented,NA_not_implemented,NA_not_implemented,morning,actual_fill,0.65,none_real_fill,realized_close,discretionary human close,win,2026-07-07T10:04:02.149000-04:00,actual_fill,NA_no_data,NA_no_data,46.0,NA_no_data,NA_no_data,0.3538,0.3538,NA_not_implemented,NA_not_implemented,7136,5,live_close,NA_not_implemented,NA_not_implemented,NA_not_implemented,NA_not_implemented,NA_not_implemented,NA_no_data,NA_no_data,NA_no_data,NA_no_data,NA_no_data,NA_no_data,NA_no_data,NA_no_data,NA_no_data,NA_no_data,NA_no_data,NA_no_data,NA_no_data,NA_no_data,NA_no_data,NA_no_data,NA_no_data,NA_no_data,NA_no_data,NA_no_data,NA_no_data,NA_no_data,NA_no_data,NA_no_data,NA_no_data,NA_no_data,NA_no_data,NA_no_data,NA_no_data,NA_no_data,NA_no_data,NA_no_data
live:rh5469c97035,2026-07-02T10:38:23.246000-04:00,LONG,CVS,long_call,B1x105C@2026-08-21,50,NA_no_data,7afa098,live,UNCALIBRATED,0.0,NA_no_data,NA_no_data,NA_no_data,0.0,NA_not_implemented,NA_not_implemented,NA_not_implemented,NA_not_implemented,NA_not_implemented,NA_not_implemented,NA_no_data,NA_no_data,NA_not_implemented,NA_not_implemented,NA_not_implemented,NA_not_implemented,NA_not_implemented,NA_not_implemented,NA_not_implemented,morning,actual_fill,4.66,none_real_fill,realized_close,discretionary human close,win,2026-07-17T09:44:56.613000-04:00,actual_fill,NA_no_data,NA_no_data,214.0,NA_no_data,NA_no_data,0.4592,0.4592,NA_not_implemented,NA_not_implemented,21547,15,live_close,NA_not_implemented,NA_not_implemented,NA_not_implemented,NA_not_implemented,NA_not_implemented,NA_no_data,NA_no_data,NA_no_data,NA_no_data,NA_no_data,NA_no_data,NA_no_data,NA_no_data,NA_no_data,NA_no_data,NA_no_data,NA_no_data,NA_no_data,NA_no_data,NA_no_data,NA_no_data,NA_no_data,NA_no_data,NA_no_data,NA_no_data,NA_no_data,NA_no_data,NA_no_data,NA_no_data,NA_no_data,NA_no_data,NA_no_data,NA_no_data,NA_no_data,NA_no_data,NA_no_data,NA_no_data
live:rh7fd4609328,2026-07-02T10:02:15.443000-04:00,LONG,AMC,long_call,B1x2C@2027-01-15,197,NA_no_data,7afa098,live,UNCALIBRATED,0.0,NA_no_data,NA_no_data,NA_no_data,0.0,NA_not_implemented,NA_not_implemented,NA_not_implemented,NA_not_implemented,NA_not_implemented,NA_not_implemented,NA_no_data,NA_no_data,NA_not_implemented,NA_not_implemented,NA_not_implemented,NA_not_implemented,NA_not_implemented,NA_not_implemented,NA_not_implemented,morning,actual_fill,0.57,none_real_fill,realized_close,discretionary human close,win,2026-07-15T09:47:51.584000-04:00,actual_fill,NA_no_data,NA_no_data,27.0,NA_no_data,NA_no_data,0.1579,0.1579,NA_not_implemented,NA_not_implemented,18706,13,live_close,NA_not_implemented,NA_not_implemented,NA_not_implemented,NA_not_implemented,NA_not_implemented,NA_no_data,NA_no_data,NA_no_data,NA_no_data,NA_no_data,NA_no_data,NA_no_data,NA_no_data,NA_no_data,NA_no_data,NA_no_data,NA_no_data,NA_no_data,NA_no_data,NA_no_data,NA_no_data,NA_no_data,NA_no_data,NA_no_data,NA_no_data,NA_no_data,NA_no_data,NA_no_data,NA_no_data,NA_no_data,NA_no_data,NA_no_data,NA_no_data,NA_no_data,NA_no_data,NA_no_data,NA_no_data
live:rhbaaa5e8953,2026-07-01T11:05:43.508000-04:00,LONG,CGNX,bull_call_spread,B1x75C@2026-08-21 / S1x80C@2026-08-21,51,NA_no_data,7afa098,live,UNCALIBRATED,0.0,NA_no_data,NA_no_data,NA_no_data,0.0,NA_not_implemented,NA_not_implemented,NA_not_implemented,NA_not_implemented,NA_not_implemented,NA_not_implemented,NA_no_data,NA_no_data,NA_not_implemented,NA_not_implemented,NA_not_implemented,NA_not_implemented,NA_not_implemented,NA_not_implemented,NA_not_implemented,morning,actual_fill,1.75,none_real_fill,realized_close,discretionary human close,loss,2026-07-07T09:40:32.677000-04:00,actual_fill,NA_no_data,NA_no_data,-150.0,NA_no_data,NA_no_data,-0.4286,-0.4286,NA_not_implemented,NA_not_implemented,8555,6,live_close,NA_not_implemented,NA_not_implemented,NA_not_implemented,NA_not_implemented,NA_not_implemented,NA_no_data,NA_no_data,NA_no_data,NA_no_data,NA_no_data,NA_no_data,NA_no_data,NA_no_data,NA_no_data,NA_no_data,NA_no_data,NA_no_data,NA_no_data,NA_no_data,NA_no_data,NA_no_data,NA_no_data,NA_no_data,NA_no_data,NA_no_data,NA_no_data,NA_no_data,NA_no_data,NA_no_data,NA_no_data,NA_no_data,NA_no_data,NA_no_data,NA_no_data,NA_no_data,NA_no_data,NA_no_data
live:rhe5f52869af,2026-06-25T14:34:04.641000-04:00,LONG,HOOD,bull_call_spread,B1x100C@2026-08-21 / S1x110C@2026-08-21,57,NA_no_data,7afa098,live,UNCALIBRATED,0.0,NA_no_data,NA_no_data,NA_no_data,0.0,NA_not_implemented,NA_not_implemented,NA_not_implemented,NA_not_implemented,NA_not_implemented,NA_not_implemented,NA_no_data,NA_no_data,NA_not_implemented,NA_not_implemented,NA_not_implemented,NA_not_implemented,NA_not_implemented,NA_not_implemented,NA_not_implemented,midday,actual_fill,3.15,none_real_fill,realized_close,discretionary human close,win,2026-07-02T09:38:42.011000-04:00,actual_fill,NA_no_data,NA_no_data,306.0,NA_no_data,NA_no_data,0.9714,0.9714,NA_not_implemented,NA_not_implemented,9785,7,live_close,NA_not_implemented,NA_not_implemented,NA_not_implemented,NA_not_implemented,NA_not_implemented,NA_no_data,NA_no_data,NA_no_data,NA_no_data,NA_no_data,NA_no_data,NA_no_data,NA_no_data,NA_no_data,NA_no_data,NA_no_data,NA_no_data,NA_no_data,NA_no_data,NA_no_data,NA_no_data,NA_no_data,NA_no_data,NA_no_data,NA_no_data,NA_no_data,NA_no_data,NA_no_data,NA_no_data,NA_no_data,NA_no_data,NA_no_data,NA_no_data,NA_no_data,NA_no_data,NA_no_data,NA_no_data
live:rh3c8d12a063,2026-06-24T12:51:47.703000-04:00,1-5DTE,KO,long_call,B1x82C@2026-06-26,2,NA_no_data,7afa098,live,UNCALIBRATED,0.0,NA_no_data,NA_no_data,NA_no_data,0.0,NA_not_implemented,NA_not_implemented,NA_not_implemented,NA_not_implemented,NA_not_implemented,NA_not_implemented,NA_no_data,NA_no_data,NA_not_implemented,NA_not_implemented,NA_not_implemented,NA_not_implemented,NA_not_implemented,NA_not_implemented,NA_not_implemented,midday,actual_fill,0.255,none_real_fill,managed_exit_first_trigger,"target +50% of debit OR stop -50% of debit OR time stop at 7 DTE, whichever first; stop checked BEFORE target",loss,2026-07-28T22:57:39.765898-04:00,actual_fill,NA_no_data,stop_loss,-46.6,-42.0,4.6,-0.9137,-0.9137,NA_not_implemented,NA_not_implemented,49566,1,managed_policy,NA_not_implemented,NA_not_implemented,NA_not_implemented,NA_not_implemented,NA_not_implemented,NA_no_data,NA_no_data,NA_no_data,NA_no_data,NA_no_data,NA_no_data,NA_no_data,NA_no_data,NA_no_data,NA_no_data,NA_no_data,NA_no_data,NA_no_data,NA_no_data,NA_no_data,NA_no_data,NA_no_data,NA_no_data,NA_no_data,NA_no_data,NA_no_data,NA_no_data,NA_no_data,NA_no_data,NA_no_data,NA_no_data,NA_no_data,NA_no_data,NA_no_data,NA_no_data,NA_no_data,NA_no_data
live:rh5db02da9ec,2026-06-22T11:21:22.930000-04:00,1-5DTE,DKNG,bull_call_spread,B1x27.5C@2026-06-26 / S1x30C@2026-06-26,4,NA_no_data,7afa098,live,UNCALIBRATED,0.0,NA_no_data,NA_no_data,NA_no_data,0.0,NA_not_implemented,NA_not_implemented,NA_not_implemented,NA_not_implemented,NA_not_implemented,NA_not_implemented,NA_no_data,NA_no_data,NA_not_implemented,NA_not_implemented,NA_not_implemented,NA_not_implemented,NA_not_implemented,NA_not_implemented,NA_not_implemented,morning,actual_fill,0.16,none_real_fill,managed_exit_first_trigger,"target +50% of debit OR stop -50% of debit OR time stop at 7 DTE, whichever first; stop checked BEFORE target",loss,2026-07-28T22:57:39.765898-04:00,actual_fill,NA_no_data,stop_loss,-14.6,-11.0,3.6,-0.9125,-0.9125,NA_not_implemented,NA_not_implemented,52536,1,managed_policy,NA_not_implemented,NA_not_implemented,NA_not_implemented,NA_not_implemented,NA_not_implemented,NA_no_data,NA_no_data,NA_no_data,NA_no_data,NA_no_data,NA_no_data,NA_no_data,NA_no_data,NA_no_data,NA_no_data,NA_no_data,NA_no_data,NA_no_data,NA_no_data,NA_no_data,NA_no_data,NA_no_data,NA_no_data,NA_no_data,NA_no_data,NA_no_data,NA_no_data,NA_no_data,NA_no_data,NA_no_data,NA_no_data,NA_no_data,NA_no_data,NA_no_data,NA_no_data,NA_no_data,NA_no_data
live:rh7cb54cf3b6,2026-06-10T12:09:06.125000-04:00,LONG,FUBO,long_call,B1x10C@2026-08-21,72,NA_no_data,7afa098,live,UNCALIBRATED,0.0,NA_no_data,NA_no_data,NA_no_data,0.0,NA_not_implemented,NA_not_implemented,NA_not_implemented,NA_not_implemented,NA_not_implemented,NA_not_implemented,NA_no_data,NA_no_data,NA_not_implemented,NA_not_implemented,NA_not_implemented,NA_not_implemented,NA_not_implemented,NA_not_implemented,NA_not_implemented,midday,actual_fill,1.6,none_real_fill,realized_close,discretionary human close,loss,2026-06-29T09:43:17.035000-04:00,actual_fill,NA_no_data,NA_no_data,-19.0,NA_no_data,NA_no_data,-0.1187,-0.1187,NA_not_implemented,NA_not_implemented,27214,19,live_close,NA_not_implemented,NA_not_implemented,NA_not_implemented,NA_not_implemented,NA_not_implemented,NA_no_data,NA_no_data,NA_no_data,NA_no_data,NA_no_data,NA_no_data,NA_no_data,NA_no_data,NA_no_data,NA_no_data,NA_no_data,NA_no_data,NA_no_data,NA_no_data,NA_no_data,NA_no_data,NA_no_data,NA_no_data,NA_no_data,NA_no_data,NA_no_data,NA_no_data,NA_no_data,NA_no_data,NA_no_data,NA_no_data,NA_no_data,NA_no_data,NA_no_data,NA_no_data,NA_no_data,NA_no_data
live:rh3c37368b31,2026-06-10T11:38:02.674000-04:00,0DTE,NVDA,long_put,B1x202.5P@2026-06-10,0,NA_no_data,7afa098,live,UNCALIBRATED,0.0,NA_no_data,NA_no_data,NA_no_data,0.0,NA_not_implemented,NA_not_implemented,NA_not_implemented,NA_not_implemented,NA_not_implemented,NA_not_implemented,NA_no_data,NA_no_data,NA_not_implemented,NA_not_implemented,NA_not_implemented,NA_not_implemented,NA_not_implemented,NA_not_implemented,NA_not_implemented,morning,actual_fill,1.31,none_real_fill,managed_exit_first_trigger,"target +50% of debit OR stop -50% of debit OR time stop at 7 DTE, whichever first; stop checked BEFORE target",win,2026-07-28T22:57:39.765898-04:00,actual_fill,NA_no_data,expiry,74.7,77.0,2.3,0.5702,0.5702,NA_not_implemented,NA_not_implemented,69800,0,managed_policy,NA_not_implemented,NA_not_implemented,NA_not_implemented,NA_not_implemented,NA_not_implemented,NA_no_data,NA_no_data,NA_no_data,NA_no_data,NA_no_data,NA_no_data,NA_no_data,NA_no_data,NA_no_data,NA_no_data,NA_no_data,NA_no_data,NA_no_data,NA_no_data,NA_no_data,NA_no_data,NA_no_data,NA_no_data,NA_no_data,NA_no_data,NA_no_data,NA_no_data,NA_no_data,NA_no_data,NA_no_data,NA_no_data,NA_no_data,NA_no_data,NA_no_data,NA_no_data,NA_no_data,NA_no_data
live:rh8b26c25ee3,2026-06-08T11:16:46.790000-04:00,LONG,NOK,long_call,B1x20C@2027-06-17,374,NA_no_data,7afa098,live,UNCALIBRATED,0.0,NA_no_data,NA_no_data,NA_no_data,0.0,NA_not_implemented,NA_not_implemented,NA_not_implemented,NA_not_implemented,NA_not_implemented,NA_not_implemented,NA_no_data,NA_no_data,NA_not_implemented,NA_not_implemented,NA_not_implemented,NA_not_implemented,NA_not_implemented,NA_not_implemented,NA_not_implemented,morning,actual_fill,3.85,none_real_fill,realized_close,discretionary human close,loss,2026-07-01T10:45:44.419000-04:00,actual_fill,NA_no_data,NA_no_data,-175.0,NA_no_data,NA_no_data,-0.4545,-0.4545,NA_not_implemented,NA_not_implemented,33089,23,live_close,NA_not_implemented,NA_not_implemented,NA_not_implemented,NA_not_implemented,NA_not_implemented,NA_no_data,NA_no_data,NA_no_data,NA_no_data,NA_no_data,NA_no_data,NA_no_data,NA_no_data,NA_no_data,NA_no_data,NA_no_data,NA_no_data,NA_no_data,NA_no_data,NA_no_data,NA_no_data,NA_no_data,NA_no_data,NA_no_data,NA_no_data,NA_no_data,NA_no_data,NA_no_data,NA_no_data,NA_no_data,NA_no_data,NA_no_data,NA_no_data,NA_no_data,NA_no_data,NA_no_data,NA_no_data
live:rh9121ad2da2,2026-06-05T13:24:56.878000-04:00,LONG,KO,long_call,B1x82C@2026-06-18,13,NA_no_data,7afa098,live,UNCALIBRATED,0.0,NA_no_data,NA_no_data,NA_no_data,0.0,NA_not_implemented,NA_not_implemented,NA_not_implemented,NA_not_implemented,NA_not_implemented,NA_not_implemented,NA_no_data,NA_no_data,NA_not_implemented,NA_not_implemented,NA_not_implemented,NA_not_implemented,NA_not_implemented,NA_not_implemented,NA_not_implemented,midday,actual_fill,0.4,none_real_fill,managed_exit_first_trigger,"target +50% of debit OR stop -50% of debit OR time stop at 7 DTE, whichever first; stop checked BEFORE target",win,2026-07-28T22:57:39.765898-04:00,actual_fill,NA_no_data,profit_target,48.4,53.0,4.6,0.605,0.605,NA_not_implemented,NA_not_implemented,76893,4,managed_policy,NA_not_implemented,NA_not_implemented,NA_not_implemented,NA_not_implemented,NA_not_implemented,NA_no_data,NA_no_data,NA_no_data,NA_no_data,NA_no_data,NA_no_data,NA_no_data,NA_no_data,NA_no_data,NA_no_data,NA_no_data,NA_no_data,NA_no_data,NA_no_data,NA_no_data,NA_no_data,NA_no_data,NA_no_data,NA_no_data,NA_no_data,NA_no_data,NA_no_data,NA_no_data,NA_no_data,NA_no_data,NA_no_data,NA_no_data,NA_no_data,NA_no_data,NA_no_data,NA_no_data,NA_no_data
live:rhc54b08cc4a,2026-06-05T10:06:24.028000-04:00,LONG,KO,long_call,B1x80C@2026-06-12,7,NA_no_data,7afa098,live,UNCALIBRATED,0.0,NA_no_data,NA_no_data,NA_no_data,0.0,NA_not_implemented,NA_not_implemented,NA_not_implemented,NA_not_implemented,NA_not_implemented,NA_not_implemented,NA_no_data,NA_no_data,NA_not_implemented,NA_not_implemented,NA_not_implemented,NA_not_implemented,NA_not_implemented,NA_not_implemented,NA_not_implemented,morning,actual_fill,0.39,none_real_fill,managed_exit_first_trigger,"target +50% of debit OR stop -50% of debit OR time stop at 7 DTE, whichever first; stop checked BEFORE target",win,2026-07-28T22:57:39.765898-04:00,actual_fill,NA_no_data,time_stop,14.7,17.0,2.3,0.3769,0.3769,NA_not_implemented,NA_not_implemented,77091,3,managed_policy,NA_not_implemented,NA_not_implemented,NA_not_implemented,NA_not_implemented,NA_not_implemented,NA_no_data,NA_no_data,NA_no_data,NA_no_data,NA_no_data,NA_no_data,NA_no_data,NA_no_data,NA_no_data,NA_no_data,NA_no_data,NA_no_data,NA_no_data,NA_no_data,NA_no_data,NA_no_data,NA_no_data,NA_no_data,NA_no_data,NA_no_data,NA_no_data,NA_no_data,NA_no_data,NA_no_data,NA_no_data,NA_no_data,NA_no_data,NA_no_data,NA_no_data,NA_no_data,NA_no_data,NA_no_data
live:rh7be3f5aa8c,2026-06-05T09:50:23.585000-04:00,0DTE,NVDA,long_call,B1x215C@2026-06-05,0,NA_no_data,7afa098,live,UNCALIBRATED,0.0,NA_no_data,NA_no_data,NA_no_data,0.0,NA_not_implemented,NA_not_implemented,NA_not_implemented,NA_not_implemented,NA_not_implemented,NA_not_implemented,NA_no_data,NA_no_data,NA_not_implemented,NA_not_implemented,NA_not_implemented,NA_not_implemented,NA_not_implemented,NA_not_implemented,NA_not_implemented,open,actual_fill,0.67,none_real_fill,managed_exit_first_trigger,"target +50% of debit OR stop -50% of debit OR time stop at 7 DTE, whichever first; stop checked BEFORE target",loss,2026-07-28T22:57:39.765898-04:00,actual_fill,NA_no_data,expiry,-69.3,-67.0,2.3,-1.0343,-1.0343,NA_not_implemented,NA_not_implemented,77107,0,managed_policy,NA_not_implemented,NA_not_implemented,NA_not_implemented,NA_not_implemented,NA_not_implemented,NA_no_data,NA_no_data,NA_no_data,NA_no_data,NA_no_data,NA_no_data,NA_no_data,NA_no_data,NA_no_data,NA_no_data,NA_no_data,NA_no_data,NA_no_data,NA_no_data,NA_no_data,NA_no_data,NA_no_data,NA_no_data,NA_no_data,NA_no_data,NA_no_data,NA_no_data,NA_no_data,NA_no_data,NA_no_data,NA_no_data,NA_no_data,NA_no_data,NA_no_data,NA_no_data,NA_no_data,NA_no_data
live:rhe7b5d1029c,2026-06-04T10:01:54.403000-04:00,1-5DTE,WMT,long_call,B1x119C@2026-06-05,1,NA_no_data,7afa098,live,UNCALIBRATED,0.0,NA_no_data,NA_no_data,NA_no_data,0.0,NA_not_implemented,NA_not_implemented,NA_not_implemented,NA_not_implemented,NA_not_implemented,NA_not_implemented,NA_no_data,NA_no_data,NA_not_implemented,NA_not_implemented,NA_not_implemented,NA_not_implemented,NA_not_implemented,NA_not_implemented,NA_not_implemented,morning,actual_fill,0.72,none_real_fill,managed_exit_first_trigger,"target +50% of debit OR stop -50% of debit OR time stop at 7 DTE, whichever first; stop checked BEFORE target",loss,2026-07-28T22:57:39.765898-04:00,actual_fill,NA_no_data,stop_loss,-69.8,-67.5,2.3,-0.9694,-0.9694,NA_not_implemented,NA_not_implemented,78536,1,managed_policy,NA_not_implemented,NA_not_implemented,NA_not_implemented,NA_not_implemented,NA_not_implemented,NA_no_data,NA_no_data,NA_no_data,NA_no_data,NA_no_data,NA_no_data,NA_no_data,NA_no_data,NA_no_data,NA_no_data,NA_no_data,NA_no_data,NA_no_data,NA_no_data,NA_no_data,NA_no_data,NA_no_data,NA_no_data,NA_no_data,NA_no_data,NA_no_data,NA_no_data,NA_no_data,NA_no_data,NA_no_data,NA_no_data,NA_no_data,NA_no_data,NA_no_data,NA_no_data,NA_no_data,NA_no_data
live:rhf6eb1cbb87,2026-06-03T11:05:39.672000-04:00,LONG,SPCE,long_call,B1x5C@2026-06-18,15,NA_no_data,7afa098,live,UNCALIBRATED,0.0,NA_no_data,NA_no_data,NA_no_data,0.0,NA_not_implemented,NA_not_implemented,NA_not_implemented,NA_not_implemented,NA_not_implemented,NA_not_implemented,NA_no_data,NA_no_data,NA_not_implemented,NA_not_implemented,NA_not_implemented,NA_not_implemented,NA_not_implemented,NA_not_implemented,NA_not_implemented,morning,actual_fill,0.85,none_real_fill,managed_exit_first_trigger,"target +50% of debit OR stop -50% of debit OR time stop at 7 DTE, whichever first; stop checked BEFORE target",loss,2026-07-28T22:57:39.765898-04:00,actual_fill,NA_no_data,stop_loss,-97.6,-93.0,4.6,-0.5741,-0.5741,NA_not_implemented,NA_not_implemented,79912,5,managed_policy,NA_not_implemented,NA_not_implemented,NA_not_implemented,NA_not_implemented,NA_not_implemented,NA_no_data,NA_no_data,NA_no_data,NA_no_data,NA_no_data,NA_no_data,NA_no_data,NA_no_data,NA_no_data,NA_no_data,NA_no_data,NA_no_data,NA_no_data,NA_no_data,NA_no_data,NA_no_data,NA_no_data,NA_no_data,NA_no_data,NA_no_data,NA_no_data,NA_no_data,NA_no_data,NA_no_data,NA_no_data,NA_no_data,NA_no_data,NA_no_data,NA_no_data,NA_no_data,NA_no_data,NA_no_data
live:rhe3f5fb41ed,2026-06-03T09:30:04.778000-04:00,LONG,PYPL,bull_call_spread,B1x45C@2026-09-18 / S1x50C@2026-09-18,107,NA_no_data,7afa098,live,UNCALIBRATED,0.0,NA_no_data,NA_no_data,NA_no_data,0.0,NA_not_implemented,NA_not_implemented,NA_not_implemented,NA_not_implemented,NA_not_implemented,NA_not_implemented,NA_no_data,NA_no_data,NA_not_implemented,NA_not_implemented,NA_not_implemented,NA_not_implemented,NA_not_implemented,NA_not_implemented,NA_not_implemented,open,actual_fill,1.73,none_real_fill,realized_close,discretionary human close,win,2026-07-13T12:13:49.587000-04:00,actual_fill,NA_no_data,NA_no_data,60.0,NA_no_data,NA_no_data,0.3468,0.3468,NA_not_implemented,NA_not_implemented,57764,40,live_close,NA_not_implemented,NA_not_implemented,NA_not_implemented,NA_not_implemented,NA_not_implemented,NA_no_data,NA_no_data,NA_no_data,NA_no_data,NA_no_data,NA_no_data,NA_no_data,NA_no_data,NA_no_data,NA_no_data,NA_no_data,NA_no_data,NA_no_data,NA_no_data,NA_no_data,NA_no_data,NA_no_data,NA_no_data,NA_no_data,NA_no_data,NA_no_data,NA_no_data,NA_no_data,NA_no_data,NA_no_data,NA_no_data,NA_no_data,NA_no_data,NA_no_data,NA_no_data,NA_no_data,NA_no_data
live:rh71eae0710a,2026-06-03T09:30:01.330000-04:00,LONG,NVDA,bull_call_spread,B1x235C@2026-08-21 / S1x245C@2026-08-21,79,NA_no_data,7afa098,live,UNCALIBRATED,0.0,NA_no_data,NA_no_data,NA_no_data,0.0,NA_not_implemented,NA_not_implemented,NA_not_implemented,NA_not_implemented,NA_not_implemented,NA_not_implemented,NA_no_data,NA_no_data,NA_not_implemented,NA_not_implemented,NA_not_implemented,NA_not_implemented,NA_not_implemented,NA_not_implemented,NA_not_implemented,open,actual_fill,3.23,none_real_fill,realized_close,discretionary human close,loss,2026-06-25T10:15:23.972000-04:00,actual_fill,NA_no_data,NA_no_data,-247.0,NA_no_data,NA_no_data,-0.7647,-0.7647,NA_not_implemented,NA_not_implemented,31725,22,live_close,NA_not_implemented,NA_not_implemented,NA_not_implemented,NA_not_implemented,NA_not_implemented,NA_no_data,NA_no_data,NA_no_data,NA_no_data,NA_no_data,NA_no_data,NA_no_data,NA_no_data,NA_no_data,NA_no_data,NA_no_data,NA_no_data,NA_no_data,NA_no_data,NA_no_data,NA_no_data,NA_no_data,NA_no_data,NA_no_data,NA_no_data,NA_no_data,NA_no_data,NA_no_data,NA_no_data,NA_no_data,NA_no_data,NA_no_data,NA_no_data,NA_no_data,NA_no_data,NA_no_data,NA_no_data
live:rhae947c8bd8,2026-06-02T10:54:01.028000-04:00,1-5DTE,LCID,long_call,B1x7C@2026-06-05,3,NA_no_data,7afa098,live,UNCALIBRATED,0.0,NA_no_data,NA_no_data,NA_no_data,0.0,NA_not_implemented,NA_not_implemented,NA_not_implemented,NA_not_implemented,NA_not_implemented,NA_not_implemented,NA_no_data,NA_no_data,NA_not_implemented,NA_not_implemented,NA_not_implemented,NA_not_implemented,NA_not_implemented,NA_not_implemented,NA_not_implemented,morning,actual_fill,0.17,none_real_fill,managed_exit_first_trigger,"target +50% of debit OR stop -50% of debit OR time stop at 7 DTE, whichever first; stop checked BEFORE target",loss,2026-07-28T22:57:39.765898-04:00,actual_fill,NA_no_data,stop_loss,-188.0,-165.0,23.0,-1.1059,-1.1059,NA_not_implemented,NA_not_implemented,81364,1,managed_policy,NA_not_implemented,NA_not_implemented,NA_not_implemented,NA_not_implemented,NA_not_implemented,NA_no_data,NA_no_data,NA_no_data,NA_no_data,NA_no_data,NA_no_data,NA_no_data,NA_no_data,NA_no_data,NA_no_data,NA_no_data,NA_no_data,NA_no_data,NA_no_data,NA_no_data,NA_no_data,NA_no_data,NA_no_data,NA_no_data,NA_no_data,NA_no_data,NA_no_data,NA_no_data,NA_no_data,NA_no_data,NA_no_data,NA_no_data,NA_no_data,NA_no_data,NA_no_data,NA_no_data,NA_no_data
live:rh303cfb71b3,2026-06-01T11:50:56.023000-04:00,LONG,DDD,long_call,B1x5.5C@2026-06-18,17,NA_no_data,7afa098,live,UNCALIBRATED,0.0,NA_no_data,NA_no_data,NA_no_data,0.0,NA_not_implemented,NA_not_implemented,NA_not_implemented,NA_not_implemented,NA_not_implemented,NA_not_implemented,NA_no_data,NA_no_data,NA_not_implemented,NA_not_implemented,NA_not_implemented,NA_not_implemented,NA_not_implemented,NA_not_implemented,NA_not_implemented,morning,actual_fill,0.06,none_real_fill,managed_exit_first_trigger,"target +50% of debit OR stop -50% of debit OR time stop at 7 DTE, whichever first; stop checked BEFORE target",win,2026-07-28T22:57:39.765898-04:00,actual_fill,NA_no_data,profit_target,17.0,40.0,23.0,0.2833,0.2833,NA_not_implemented,NA_not_implemented,82747,1,managed_policy,NA_not_implemented,NA_not_implemented,NA_not_implemented,NA_not_implemented,NA_not_implemented,NA_no_data,NA_no_data,NA_no_data,NA_no_data,NA_no_data,NA_no_data,NA_no_data,NA_no_data,NA_no_data,NA_no_data,NA_no_data,NA_no_data,NA_no_data,NA_no_data,NA_no_data,NA_no_data,NA_no_data,NA_no_data,NA_no_data,NA_no_data,NA_no_data,NA_no_data,NA_no_data,NA_no_data,NA_no_data,NA_no_data,NA_no_data,NA_no_data,NA_no_data,NA_no_data,NA_no_data,NA_no_data
live:rhe9fbd25965,2026-06-01T10:23:24.323000-04:00,LONG,SPCE,long_call,B1x7C@2026-06-18,17,NA_no_data,7afa098,live,UNCALIBRATED,0.0,NA_no_data,NA_no_data,NA_no_data,0.0,NA_not_implemented,NA_not_implemented,NA_not_implemented,NA_not_implemented,NA_not_implemented,NA_not_implemented,NA_no_data,NA_no_data,NA_not_implemented,NA_not_implemented,NA_not_implemented,NA_not_implemented,NA_not_implemented,NA_not_implemented,NA_not_implemented,morning,actual_fill,2.82,none_real_fill,managed_exit_first_trigger,"target +50% of debit OR stop -50% of debit OR time stop at 7 DTE, whichever first; stop checked BEFORE target",loss,2026-07-28T22:57:39.765898-04:00,actual_fill,NA_no_data,stop_loss,-223.3,-221.0,2.3,-0.7918,-0.7918,NA_not_implemented,NA_not_implemented,82834,1,managed_policy,NA_not_implemented,NA_not_implemented,NA_not_implemented,NA_not_implemented,NA_not_implemented,NA_no_data,NA_no_data,NA_no_data,NA_no_data,NA_no_data,NA_no_data,NA_no_data,NA_no_data,NA_no_data,NA_no_data,NA_no_data,NA_no_data,NA_no_data,NA_no_data,NA_no_data,NA_no_data,NA_no_data,NA_no_data,NA_no_data,NA_no_data,NA_no_data,NA_no_data,NA_no_data,NA_no_data,NA_no_data,NA_no_data,NA_no_data,NA_no_data,NA_no_data,NA_no_data,NA_no_data,NA_no_data
live:rhda240530c3,2026-06-01T10:23:24.323000-04:00,LONG,SPCE,long_call,B1x8C@2026-06-18,17,NA_no_data,7afa098,live,UNCALIBRATED,0.0,NA_no_data,NA_no_data,NA_no_data,0.0,NA_not_implemented,NA_not_implemented,NA_not_implemented,NA_not_implemented,NA_not_implemented,NA_not_implemented,NA_no_data,NA_no_data,NA_not_implemented,NA_not_implemented,NA_not_implemented,NA_not_implemented,NA_not_implemented,NA_not_implemented,NA_not_implemented,morning,actual_fill,2.65,none_real_fill,managed_exit_first_trigger,"target +50% of debit OR stop -50% of debit OR time stop at 7 DTE, whichever first; stop checked BEFORE target",loss,2026-07-28T22:57:39.765898-04:00,actual_fill,NA_no_data,stop_loss,-210.3,-208.0,2.3,-0.7936,-0.7936,NA_not_implemented,NA_not_implemented,82834,1,managed_policy,NA_not_implemented,NA_not_implemented,NA_not_implemented,NA_not_implemented,NA_not_implemented,NA_no_data,NA_no_data,NA_no_data,NA_no_data,NA_no_data,NA_no_data,NA_no_data,NA_no_data,NA_no_data,NA_no_data,NA_no_data,NA_no_data,NA_no_data,NA_no_data,NA_no_data,NA_no_data,NA_no_data,NA_no_data,NA_no_data,NA_no_data,NA_no_data,NA_no_data,NA_no_data,NA_no_data,NA_no_data,NA_no_data,NA_no_data,NA_no_data,NA_no_data,NA_no_data,NA_no_data,NA_no_data
live:rh38edf5c76f,2026-06-01T09:55:34.281000-04:00,LONG,SPCE,long_call,B1x11C@2026-06-18,17,NA_no_data,7afa098,live,UNCALIBRATED,0.0,NA_no_data,NA_no_data,NA_no_data,0.0,NA_not_implemented,NA_not_implemented,NA_not_implemented,NA_not_implemented,NA_not_implemented,NA_not_implemented,NA_no_data,NA_no_data,NA_not_implemented,NA_not_implemented,NA_not_implemented,NA_not_implemented,NA_not_implemented,NA_not_implemented,NA_not_implemented,open,actual_fill,2.49,none_real_fill,managed_exit_first_trigger,"target +50% of debit OR stop -50% of debit OR time stop at 7 DTE, whichever first; stop checked BEFORE target",loss,2026-07-28T22:57:39.765898-04:00,actual_fill,NA_no_data,stop_loss,-209.8,-207.5,2.3,-0.8426,-0.8426,NA_not_implemented,NA_not_implemented,82862,1,managed_policy,NA_not_implemented,NA_not_implemented,NA_not_implemented,NA_not_implemented,NA_not_implemented,NA_no_data,NA_no_data,NA_no_data,NA_no_data,NA_no_data,NA_no_data,NA_no_data,NA_no_data,NA_no_data,NA_no_data,NA_no_data,NA_no_data,NA_no_data,NA_no_data,NA_no_data,NA_no_data,NA_no_data,NA_no_data,NA_no_data,NA_no_data,NA_no_data,NA_no_data,NA_no_data,NA_no_data,NA_no_data,NA_no_data,NA_no_data,NA_no_data,NA_no_data,NA_no_data,NA_no_data,NA_no_data
live:rh745f065203,2026-05-29T14:01:30.458000-04:00,0DTE,SPCE,long_call,B1x6C@2026-05-29,0,NA_no_data,7afa098,live,UNCALIBRATED,0.0,NA_no_data,NA_no_data,NA_no_data,0.0,NA_not_implemented,NA_not_implemented,NA_not_implemented,NA_not_implemented,NA_not_implemented,NA_not_implemented,NA_no_data,NA_no_data,NA_not_implemented,NA_not_implemented,NA_not_implemented,NA_not_implemented,NA_not_implemented,NA_not_implemented,NA_not_implemented,midday,actual_fill,0.15,none_real_fill,managed_exit_first_trigger,"target +50% of debit OR stop -50% of debit OR time stop at 7 DTE, whichever first; stop checked BEFORE target",scratch,2026-07-28T22:57:39.765898-04:00,actual_fill,NA_no_data,expiry,5.6,24.0,18.4,0.0467,0.0467,NA_not_implemented,NA_not_implemented,86936,0,managed_policy,NA_not_implemented,NA_not_implemented,NA_not_implemented,NA_not_implemented,NA_not_implemented,NA_no_data,NA_no_data,NA_no_data,NA_no_data,NA_no_data,NA_no_data,NA_no_data,NA_no_data,NA_no_data,NA_no_data,NA_no_data,NA_no_data,NA_no_data,NA_no_data,NA_no_data,NA_no_data,NA_no_data,NA_no_data,NA_no_data,NA_no_data,NA_no_data,NA_no_data,NA_no_data,NA_no_data,NA_no_data,NA_no_data,NA_no_data,NA_no_data,NA_no_data,NA_no_data,NA_no_data,NA_no_data
live:rh03ee78c3ff,2026-05-29T09:37:38.699000-04:00,LONG,SPCE,long_call,B1x6C@2026-06-18,20,NA_no_data,7afa098,live,UNCALIBRATED,0.0,NA_no_data,NA_no_data,NA_no_data,0.0,NA_not_implemented,NA_not_implemented,NA_not_implemented,NA_not_implemented,NA_not_implemented,NA_not_implemented,NA_no_data,NA_no_data,NA_not_implemented,NA_not_implemented,NA_not_implemented,NA_not_implemented,NA_not_implemented,NA_not_implemented,NA_not_implemented,open,actual_fill,0.95,none_real_fill,managed_exit_first_trigger,"target +50% of debit OR stop -50% of debit OR time stop at 7 DTE, whichever first; stop checked BEFORE target",win,2026-07-28T22:57:39.765898-04:00,actual_fill,NA_no_data,profit_target,988.5,1000.0,11.5,2.0811,2.0811,NA_not_implemented,NA_not_implemented,87200,3,managed_policy,NA_not_implemented,NA_not_implemented,NA_not_implemented,NA_not_implemented,NA_not_implemented,NA_no_data,NA_no_data,NA_no_data,NA_no_data,NA_no_data,NA_no_data,NA_no_data,NA_no_data,NA_no_data,NA_no_data,NA_no_data,NA_no_data,NA_no_data,NA_no_data,NA_no_data,NA_no_data,NA_no_data,NA_no_data,NA_no_data,NA_no_data,NA_no_data,NA_no_data,NA_no_data,NA_no_data,NA_no_data,NA_no_data,NA_no_data,NA_no_data,NA_no_data,NA_no_data,NA_no_data,NA_no_data
live:rh2c882f9d0d,2026-05-14T13:58:20.980000-04:00,LONG,SOFI,bull_call_spread,B1x22C@2026-09-18 / S1x26C@2026-09-18,127,NA_no_data,7afa098,live,UNCALIBRATED,0.0,NA_no_data,NA_no_data,NA_no_data,0.0,NA_not_implemented,NA_not_implemented,NA_not_implemented,NA_not_implemented,NA_not_implemented,NA_not_implemented,NA_no_data,NA_no_data,NA_not_implemented,NA_not_implemented,NA_not_implemented,NA_not_implemented,NA_not_implemented,NA_not_implemented,NA_not_implemented,midday,actual_fill,0.37,none_real_fill,realized_close,discretionary human close,win,2026-07-01T12:39:01.811000-04:00,actual_fill,NA_no_data,NA_no_data,75.0,NA_no_data,NA_no_data,0.6757,0.6757,NA_not_implemented,NA_not_implemented,69041,48,live_close,NA_not_implemented,NA_not_implemented,NA_not_implemented,NA_not_implemented,NA_not_implemented,NA_no_data,NA_no_data,NA_no_data,NA_no_data,NA_no_data,NA_no_data,NA_no_data,NA_no_data,NA_no_data,NA_no_data,NA_no_data,NA_no_data,NA_no_data,NA_no_data,NA_no_data,NA_no_data,NA_no_data,NA_no_data,NA_no_data,NA_no_data,NA_no_data,NA_no_data,NA_no_data,NA_no_data,NA_no_data,NA_no_data,NA_no_data,NA_no_data,NA_no_data,NA_no_data,NA_no_data,NA_no_data
live:rh7d38aebb2c,2026-05-12T09:45:51.870000-04:00,LONG,NVDA,bull_call_spread,B1x225C@2026-06-12 / S1x250C@2026-06-12,31,NA_no_data,7afa098,live,UNCALIBRATED,0.0,NA_no_data,NA_no_data,NA_no_data,0.0,NA_not_implemented,NA_not_implemented,NA_not_implemented,NA_not_implemented,NA_not_implemented,NA_not_implemented,NA_no_data,NA_no_data,NA_not_implemented,NA_not_implemented,NA_not_implemented,NA_not_implemented,NA_not_implemented,NA_not_implemented,NA_not_implemented,open,actual_fill,7.7,none_real_fill,managed_exit_first_trigger,"target +50% of debit OR stop -50% of debit OR time stop at 7 DTE, whichever first; stop checked BEFORE target",loss,2026-07-28T22:57:39.765898-04:00,actual_fill,NA_no_data,stop_loss,-447.6,-444.0,3.6,-0.5813,-0.5813,NA_not_implemented,NA_not_implemented,111672,10,managed_policy,NA_not_implemented,NA_not_implemented,NA_not_implemented,NA_not_implemented,NA_not_implemented,NA_no_data,NA_no_data,NA_no_data,NA_no_data,NA_no_data,NA_no_data,NA_no_data,NA_no_data,NA_no_data,NA_no_data,NA_no_data,NA_no_data,NA_no_data,NA_no_data,NA_no_data,NA_no_data,NA_no_data,NA_no_data,NA_no_data,NA_no_data,NA_no_data,NA_no_data,NA_no_data,NA_no_data,NA_no_data,NA_no_data,NA_no_data,NA_no_data,NA_no_data,NA_no_data,NA_no_data,NA_no_data
live:rhc8f8239616,2026-05-06T13:04:59.313000-04:00,LONG,SPY,bear_put_spread,S1x710P@2026-05-15 / B1x720P@2026-05-15,9,NA_no_data,7afa098,live,UNCALIBRATED,0.0,NA_no_data,NA_no_data,NA_no_data,0.0,NA_not_implemented,NA_not_implemented,NA_not_implemented,NA_not_implemented,NA_not_implemented,NA_not_implemented,NA_no_data,NA_no_data,NA_not_implemented,NA_not_implemented,NA_not_implemented,NA_not_implemented,NA_not_implemented,NA_not_implemented,NA_not_implemented,midday,actual_fill,1.23,none_real_fill,managed_exit_first_trigger,"target +50% of debit OR stop -50% of debit OR time stop at 7 DTE, whichever first; stop checked BEFORE target",loss,2026-07-28T22:57:39.765898-04:00,actual_fill,NA_no_data,stop_loss,-74.6,-71.0,3.6,-0.6065,-0.6065,NA_not_implemented,NA_not_implemented,120113,2,managed_policy,NA_not_implemented,NA_not_implemented,NA_not_implemented,NA_not_implemented,NA_not_implemented,NA_no_data,NA_no_data,NA_no_data,NA_no_data,NA_no_data,NA_no_data,NA_no_data,NA_no_data,NA_no_data,NA_no_data,NA_no_data,NA_no_data,NA_no_data,NA_no_data,NA_no_data,NA_no_data,NA_no_data,NA_no_data,NA_no_data,NA_no_data,NA_no_data,NA_no_data,NA_no_data,NA_no_data,NA_no_data,NA_no_data,NA_no_data,NA_no_data,NA_no_data,NA_no_data,NA_no_data,NA_no_data
live:rhc900a0fce9,2026-05-06T12:58:01.360000-04:00,LONG,IWM,bull_call_spread,B1x292C@2026-06-18 / S1x300C@2026-06-18,43,NA_no_data,7afa098,live,UNCALIBRATED,0.0,NA_no_data,NA_no_data,NA_no_data,0.0,NA_not_implemented,NA_not_implemented,NA_not_implemented,NA_not_implemented,NA_not_implemented,NA_not_implemented,NA_no_data,NA_no_data,NA_not_implemented,NA_not_implemented,NA_not_implemented,NA_not_implemented,NA_not_implemented,NA_not_implemented,NA_not_implemented,midday,actual_fill,2.68,none_real_fill,managed_exit_first_trigger,"target +50% of debit OR stop -50% of debit OR time stop at 7 DTE, whichever first; stop checked BEFORE target",loss,2026-07-28T22:57:39.765898-04:00,actual_fill,NA_no_data,stop_loss,-149.6,-146.0,3.6,-0.5582,-0.5582,NA_not_implemented,NA_not_implemented,120120,9,managed_policy,NA_not_implemented,NA_not_implemented,NA_not_implemented,NA_not_implemented,NA_not_implemented,NA_no_data,NA_no_data,NA_no_data,NA_no_data,NA_no_data,NA_no_data,NA_no_data,NA_no_data,NA_no_data,NA_no_data,NA_no_data,NA_no_data,NA_no_data,NA_no_data,NA_no_data,NA_no_data,NA_no_data,NA_no_data,NA_no_data,NA_no_data,NA_no_data,NA_no_data,NA_no_data,NA_no_data,NA_no_data,NA_no_data,NA_no_data,NA_no_data,NA_no_data,NA_no_data,NA_no_data,NA_no_data
live:rha4d7f2e3e8,2026-05-05T12:37:09.846000-04:00,LONG,XLE,long_call,B1x60C@2026-06-18,44,NA_no_data,7afa098,live,UNCALIBRATED,0.0,NA_no_data,NA_no_data,NA_no_data,0.0,NA_not_implemented,NA_not_implemented,NA_not_implemented,NA_not_implemented,NA_not_implemented,NA_not_implemented,NA_no_data,NA_no_data,NA_not_implemented,NA_not_implemented,NA_not_implemented,NA_not_implemented,NA_not_implemented,NA_not_implemented,NA_not_implemented,midday,actual_fill,2.25,none_real_fill,managed_exit_first_trigger,"target +50% of debit OR stop -50% of debit OR time stop at 7 DTE, whichever first; stop checked BEFORE target",loss,2026-07-28T22:57:39.765898-04:00,actual_fill,NA_no_data,stop_loss,-246.6,-242.0,4.6,-0.548,-0.548,NA_not_implemented,NA_not_implemented,121580,1,managed_policy,NA_not_implemented,NA_not_implemented,NA_not_implemented,NA_not_implemented,NA_not_implemented,NA_no_data,NA_no_data,NA_no_data,NA_no_data,NA_no_data,NA_no_data,NA_no_data,NA_no_data,NA_no_data,NA_no_data,NA_no_data,NA_no_data,NA_no_data,NA_no_data,NA_no_data,NA_no_data,NA_no_data,NA_no_data,NA_no_data,NA_no_data,NA_no_data,NA_no_data,NA_no_data,NA_no_data,NA_no_data,NA_no_data,NA_no_data,NA_no_data,NA_no_data,NA_no_data,NA_no_data,NA_no_data
live:rhbaa48a7359,2026-04-29T11:48:22.317000-04:00,LONG,NVDA,bull_call_spread,B1x215C@2026-05-08 / S1x225C@2026-05-08,9,NA_no_data,7afa098,live,UNCALIBRATED,0.0,NA_no_data,NA_no_data,NA_no_data,0.0,NA_not_implemented,NA_not_implemented,NA_not_implemented,NA_not_implemented,NA_not_implemented,NA_not_implemented,NA_no_data,NA_no_data,NA_not_implemented,NA_not_implemented,NA_not_implemented,NA_not_implemented,NA_not_implemented,NA_not_implemented,NA_not_implemented,morning,actual_fill,2.58,none_real_fill,managed_exit_first_trigger,"target +50% of debit OR stop -50% of debit OR time stop at 7 DTE, whichever first; stop checked BEFORE target",loss,2026-07-28T22:57:39.765898-04:00,actual_fill,NA_no_data,stop_loss,-218.6,-215.0,3.6,-0.8473,-0.8473,NA_not_implemented,NA_not_implemented,130269,1,managed_policy,NA_not_implemented,NA_not_implemented,NA_not_implemented,NA_not_implemented,NA_not_implemented,NA_no_data,NA_no_data,NA_no_data,NA_no_data,NA_no_data,NA_no_data,NA_no_data,NA_no_data,NA_no_data,NA_no_data,NA_no_data,NA_no_data,NA_no_data,NA_no_data,NA_no_data,NA_no_data,NA_no_data,NA_no_data,NA_no_data,NA_no_data,NA_no_data,NA_no_data,NA_no_data,NA_no_data,NA_no_data,NA_no_data,NA_no_data,NA_no_data,NA_no_data,NA_no_data,NA_no_data,NA_no_data
live:rhb9b128e7ae,2026-04-28T12:36:08.712000-04:00,1-5DTE,NVDA,long_call,B1x215C@2026-04-29,1,NA_no_data,7afa098,live,UNCALIBRATED,0.0,NA_no_data,NA_no_data,NA_no_data,0.0,NA_not_implemented,NA_not_implemented,NA_not_implemented,NA_not_implemented,NA_not_implemented,NA_not_implemented,NA_no_data,NA_no_data,NA_not_implemented,NA_not_implemented,NA_not_implemented,NA_not_implemented,NA_not_implemented,NA_not_implemented,NA_not_implemented,midday,actual_fill,0.9,none_real_fill,managed_exit_first_trigger,"target +50% of debit OR stop -50% of debit OR time stop at 7 DTE, whichever first; stop checked BEFORE target",loss,2026-07-28T22:57:39.765898-04:00,actual_fill,NA_no_data,stop_loss,-83.8,-81.5,2.3,-0.9311,-0.9311,NA_not_implemented,NA_not_implemented,131662,1,managed_policy,NA_not_implemented,NA_not_implemented,NA_not_implemented,NA_not_implemented,NA_not_implemented,NA_no_data,NA_no_data,NA_no_data,NA_no_data,NA_no_data,NA_no_data,NA_no_data,NA_no_data,NA_no_data,NA_no_data,NA_no_data,NA_no_data,NA_no_data,NA_no_data,NA_no_data,NA_no_data,NA_no_data,NA_no_data,NA_no_data,NA_no_data,NA_no_data,NA_no_data,NA_no_data,NA_no_data,NA_no_data,NA_no_data,NA_no_data,NA_no_data,NA_no_data,NA_no_data,NA_no_data,NA_no_data
live:rh9d435424df,2026-04-28T10:51:38.876000-04:00,1-5DTE,TSLA,long_call,B1x390C@2026-04-29,1,NA_no_data,7afa098,live,UNCALIBRATED,0.0,NA_no_data,NA_no_data,NA_no_data,0.0,NA_not_implemented,NA_not_implemented,NA_not_implemented,NA_not_implemented,NA_not_implemented,NA_not_implemented,NA_no_data,NA_no_data,NA_not_implemented,NA_not_implemented,NA_not_implemented,NA_not_implemented,NA_not_implemented,NA_not_implemented,NA_not_implemented,morning,actual_fill,0.79,none_real_fill,managed_exit_first_trigger,"target +50% of debit OR stop -50% of debit OR time stop at 7 DTE, whichever first; stop checked BEFORE target",loss,2026-07-28T22:57:39.765898-04:00,actual_fill,NA_no_data,stop_loss,-80.8,-78.5,2.3,-1.0228,-1.0228,NA_not_implemented,NA_not_implemented,131766,1,managed_policy,NA_not_implemented,NA_not_implemented,NA_not_implemented,NA_not_implemented,NA_not_implemented,NA_no_data,NA_no_data,NA_no_data,NA_no_data,NA_no_data,NA_no_data,NA_no_data,NA_no_data,NA_no_data,NA_no_data,NA_no_data,NA_no_data,NA_no_data,NA_no_data,NA_no_data,NA_no_data,NA_no_data,NA_no_data,NA_no_data,NA_no_data,NA_no_data,NA_no_data,NA_no_data,NA_no_data,NA_no_data,NA_no_data,NA_no_data,NA_no_data,NA_no_data,NA_no_data,NA_no_data,NA_no_data
live:rhc4d5492bba,2026-04-28T10:01:38.969000-04:00,LONG,ABT,long_call,B1x97.5C@2026-06-18,51,NA_no_data,7afa098,live,UNCALIBRATED,0.0,NA_no_data,NA_no_data,NA_no_data,0.0,NA_not_implemented,NA_not_implemented,NA_not_implemented,NA_not_implemented,NA_not_implemented,NA_not_implemented,NA_no_data,NA_no_data,NA_not_implemented,NA_not_implemented,NA_not_implemented,NA_not_implemented,NA_not_implemented,NA_not_implemented,NA_not_implemented,morning,actual_fill,2.33,none_real_fill,managed_exit_first_trigger,"target +50% of debit OR stop -50% of debit OR time stop at 7 DTE, whichever first; stop checked BEFORE target",loss,2026-07-28T22:57:39.765898-04:00,actual_fill,NA_no_data,stop_loss,-125.3,-123.0,2.3,-0.5378,-0.5378,NA_not_implemented,NA_not_implemented,131816,2,managed_policy,NA_not_implemented,NA_not_implemented,NA_not_implemented,NA_not_implemented,NA_not_implemented,NA_no_data,NA_no_data,NA_no_data,NA_no_data,NA_no_data,NA_no_data,NA_no_data,NA_no_data,NA_no_data,NA_no_data,NA_no_data,NA_no_data,NA_no_data,NA_no_data,NA_no_data,NA_no_data,NA_no_data,NA_no_data,NA_no_data,NA_no_data,NA_no_data,NA_no_data,NA_no_data,NA_no_data,NA_no_data,NA_no_data,NA_no_data,NA_no_data,NA_no_data,NA_no_data,NA_no_data,NA_no_data
live:rhdc8f4fedd7,2026-04-28T10:00:41.700000-04:00,1-5DTE,QQQ,long_call,B1x664C@2026-04-29,1,NA_no_data,7afa098,live,UNCALIBRATED,0.0,NA_no_data,NA_no_data,NA_no_data,0.0,NA_not_implemented,NA_not_implemented,NA_not_implemented,NA_not_implemented,NA_not_implemented,NA_not_implemented,NA_no_data,NA_no_data,NA_not_implemented,NA_not_implemented,NA_not_implemented,NA_not_implemented,NA_not_implemented,NA_not_implemented,NA_not_implemented,morning,actual_fill,1.91,none_real_fill,managed_exit_first_trigger,"target +50% of debit OR stop -50% of debit OR time stop at 7 DTE, whichever first; stop checked BEFORE target",loss,2026-07-28T22:57:39.765898-04:00,actual_fill,NA_no_data,stop_loss,-188.3,-186.0,2.3,-0.9859,-0.9859,NA_not_implemented,NA_not_implemented,131817,1,managed_policy,NA_not_implemented,NA_not_implemented,NA_not_implemented,NA_not_implemented,NA_not_implemented,NA_no_data,NA_no_data,NA_no_data,NA_no_data,NA_no_data,NA_no_data,NA_no_data,NA_no_data,NA_no_data,NA_no_data,NA_no_data,NA_no_data,NA_no_data,NA_no_data,NA_no_data,NA_no_data,NA_no_data,NA_no_data,NA_no_data,NA_no_data,NA_no_data,NA_no_data,NA_no_data,NA_no_data,NA_no_data,NA_no_data,NA_no_data,NA_no_data,NA_no_data,NA_no_data,NA_no_data,NA_no_data
live:rhce0f81d2da,2026-04-28T09:35:15.275000-04:00,LONG,XLF,long_call,B1x53C@2026-06-05,38,NA_no_data,7afa098,live,UNCALIBRATED,0.0,NA_no_data,NA_no_data,NA_no_data,0.0,NA_not_implemented,NA_not_implemented,NA_not_implemented,NA_not_implemented,NA_not_implemented,NA_not_implemented,NA_no_data,NA_no_data,NA_not_implemented,NA_not_implemented,NA_not_implemented,NA_not_implemented,NA_not_implemented,NA_not_implemented,NA_not_implemented,open,actual_fill,0.93,none_real_fill,managed_exit_first_trigger,"target +50% of debit OR stop -50% of debit OR time stop at 7 DTE, whichever first; stop checked BEFORE target",loss,2026-07-28T22:57:39.765898-04:00,actual_fill,NA_no_data,stop_loss,-51.3,-49.0,2.3,-0.5516,-0.5516,NA_not_implemented,NA_not_implemented,131842,9,managed_policy,NA_not_implemented,NA_not_implemented,NA_not_implemented,NA_not_implemented,NA_not_implemented,NA_no_data,NA_no_data,NA_no_data,NA_no_data,NA_no_data,NA_no_data,NA_no_data,NA_no_data,NA_no_data,NA_no_data,NA_no_data,NA_no_data,NA_no_data,NA_no_data,NA_no_data,NA_no_data,NA_no_data,NA_no_data,NA_no_data,NA_no_data,NA_no_data,NA_no_data,NA_no_data,NA_no_data,NA_no_data,NA_no_data,NA_no_data,NA_no_data,NA_no_data,NA_no_data,NA_no_data,NA_no_data
live:rh77bbe56e71,2026-04-27T09:30:37.848000-04:00,LONG,RIVN,long_call,B1x21C@2026-05-08,11,NA_no_data,7afa098,live,UNCALIBRATED,0.0,NA_no_data,NA_no_data,NA_no_data,0.0,NA_not_implemented,NA_not_implemented,NA_not_implemented,NA_not_implemented,NA_not_implemented,NA_not_implemented,NA_no_data,NA_no_data,NA_not_implemented,NA_not_implemented,NA_not_implemented,NA_not_implemented,NA_not_implemented,NA_not_implemented,NA_not_implemented,open,actual_fill,0.15,none_real_fill,managed_exit_first_trigger,"target +50% of debit OR stop -50% of debit OR time stop at 7 DTE, whichever first; stop checked BEFORE target",loss,2026-07-28T22:57:39.765898-04:00,actual_fill,NA_no_data,stop_loss,-19.6,-15.0,4.6,-0.6533,-0.6533,NA_not_implemented,NA_not_implemented,133287,2,managed_policy,NA_not_implemented,NA_not_implemented,NA_not_implemented,NA_not_implemented,NA_not_implemented,NA_no_data,NA_no_data,NA_no_data,NA_no_data,NA_no_data,NA_no_data,NA_no_data,NA_no_data,NA_no_data,NA_no_data,NA_no_data,NA_no_data,NA_no_data,NA_no_data,NA_no_data,NA_no_data,NA_no_data,NA_no_data,NA_no_data,NA_no_data,NA_no_data,NA_no_data,NA_no_data,NA_no_data,NA_no_data,NA_no_data,NA_no_data,NA_no_data,NA_no_data,NA_no_data,NA_no_data,NA_no_data
live:rh1966797ea5,2026-04-24T11:28:06.302000-04:00,LONG,AMD,bull_call_spread,B1x360C@2026-05-08 / S1x380C@2026-05-08,14,NA_no_data,7afa098,live,UNCALIBRATED,0.0,NA_no_data,NA_no_data,NA_no_data,0.0,NA_not_implemented,NA_not_implemented,NA_not_implemented,NA_not_implemented,NA_not_implemented,NA_not_implemented,NA_no_data,NA_no_data,NA_not_implemented,NA_not_implemented,NA_not_implemented,NA_not_implemented,NA_not_implemented,NA_not_implemented,NA_not_implemented,morning,actual_fill,6.68,none_real_fill,managed_exit_first_trigger,"target +50% of debit OR stop -50% of debit OR time stop at 7 DTE, whichever first; stop checked BEFORE target",loss,2026-07-28T22:57:39.765898-04:00,actual_fill,NA_no_data,stop_loss,-389.1,-385.5,3.6,-0.5825,-0.5825,NA_not_implemented,NA_not_implemented,137490,4,managed_policy,NA_not_implemented,NA_not_implemented,NA_not_implemented,NA_not_implemented,NA_not_implemented,NA_no_data,NA_no_data,NA_no_data,NA_no_data,NA_no_data,NA_no_data,NA_no_data,NA_no_data,NA_no_data,NA_no_data,NA_no_data,NA_no_data,NA_no_data,NA_no_data,NA_no_data,NA_no_data,NA_no_data,NA_no_data,NA_no_data,NA_no_data,NA_no_data,NA_no_data,NA_no_data,NA_no_data,NA_no_data,NA_no_data,NA_no_data,NA_no_data,NA_no_data,NA_no_data,NA_no_data,NA_no_data
live:rhc3655bb924,2026-04-24T11:27:54.211000-04:00,LONG,INTC,long_call,B1x95C@2026-05-01,7,NA_no_data,7afa098,live,UNCALIBRATED,0.0,NA_no_data,NA_no_data,NA_no_data,0.0,NA_not_implemented,NA_not_implemented,NA_not_implemented,NA_not_implemented,NA_not_implemented,NA_not_implemented,NA_no_data,NA_no_data,NA_not_implemented,NA_not_implemented,NA_not_implemented,NA_not_implemented,NA_not_implemented,NA_not_implemented,NA_not_implemented,morning,actual_fill,0.87,none_real_fill,managed_exit_first_trigger,"target +50% of debit OR stop -50% of debit OR time stop at 7 DTE, whichever first; stop checked BEFORE target",loss,2026-07-28T22:57:39.765898-04:00,actual_fill,NA_no_data,time_stop,-47.6,-43.0,4.6,-0.2736,-0.2736,NA_not_implemented,NA_not_implemented,137490,3,managed_policy,NA_not_implemented,NA_not_implemented,NA_not_implemented,NA_not_implemented,NA_not_implemented,NA_no_data,NA_no_data,NA_no_data,NA_no_data,NA_no_data,NA_no_data,NA_no_data,NA_no_data,NA_no_data,NA_no_data,NA_no_data,NA_no_data,NA_no_data,NA_no_data,NA_no_data,NA_no_data,NA_no_data,NA_no_data,NA_no_data,NA_no_data,NA_no_data,NA_no_data,NA_no_data,NA_no_data,NA_no_data,NA_no_data,NA_no_data,NA_no_data,NA_no_data,NA_no_data,NA_no_data,NA_no_data
live:rha3f2728aa6,2026-04-22T13:58:12.226000-04:00,LONG,GDX,long_call,B1x102C@2026-05-01,9,NA_no_data,7afa098,live,UNCALIBRATED,0.0,NA_no_data,NA_no_data,NA_no_data,0.0,NA_not_implemented,NA_not_implemented,NA_not_implemented,NA_not_implemented,NA_not_implemented,NA_not_implemented,NA_no_data,NA_no_data,NA_not_implemented,NA_not_implemented,NA_not_implemented,NA_not_implemented,NA_not_implemented,NA_not_implemented,NA_not_implemented,midday,actual_fill,0.81,none_real_fill,managed_exit_first_trigger,"target +50% of debit OR stop -50% of debit OR time stop at 7 DTE, whichever first; stop checked BEFORE target",loss,2026-07-28T22:57:39.765898-04:00,actual_fill,NA_no_data,stop_loss,-54.3,-52.0,2.3,-0.6704,-0.6704,NA_not_implemented,NA_not_implemented,140219,1,managed_policy,NA_not_implemented,NA_not_implemented,NA_not_implemented,NA_not_implemented,NA_not_implemented,NA_no_data,NA_no_data,NA_no_data,NA_no_data,NA_no_data,NA_no_data,NA_no_data,NA_no_data,NA_no_data,NA_no_data,NA_no_data,NA_no_data,NA_no_data,NA_no_data,NA_no_data,NA_no_data,NA_no_data,NA_no_data,NA_no_data,NA_no_data,NA_no_data,NA_no_data,NA_no_data,NA_no_data,NA_no_data,NA_no_data,NA_no_data,NA_no_data,NA_no_data,NA_no_data,NA_no_data,NA_no_data
live:rh423a01ca1f,2026-04-22T13:39:55.324000-04:00,LONG,GOOGL,bull_call_spread,B1x340C@2026-05-01 / S1x350C@2026-05-01,9,NA_no_data,7afa098,live,UNCALIBRATED,0.0,NA_no_data,NA_no_data,NA_no_data,0.0,NA_not_implemented,NA_not_implemented,NA_not_implemented,NA_not_implemented,NA_not_implemented,NA_not_implemented,NA_no_data,NA_no_data,NA_not_implemented,NA_not_implemented,NA_not_implemented,NA_not_implemented,NA_not_implemented,NA_not_implemented,NA_not_implemented,midday,actual_fill,3.7,none_real_fill,managed_exit_first_trigger,"target +50% of debit OR stop -50% of debit OR time stop at 7 DTE, whichever first; stop checked BEFORE target",win,2026-07-28T22:57:39.765898-04:00,actual_fill,NA_no_data,time_stop,106.4,110.0,3.6,0.2876,0.2876,NA_not_implemented,NA_not_implemented,140238,2,managed_policy,NA_not_implemented,NA_not_implemented,NA_not_implemented,NA_not_implemented,NA_not_implemented,NA_no_data,NA_no_data,NA_no_data,NA_no_data,NA_no_data,NA_no_data,NA_no_data,NA_no_data,NA_no_data,NA_no_data,NA_no_data,NA_no_data,NA_no_data,NA_no_data,NA_no_data,NA_no_data,NA_no_data,NA_no_data,NA_no_data,NA_no_data,NA_no_data,NA_no_data,NA_no_data,NA_no_data,NA_no_data,NA_no_data,NA_no_data,NA_no_data,NA_no_data,NA_no_data,NA_no_data,NA_no_data
live:rh45bcd451ec,2026-04-20T15:11:47.991000-04:00,LONG,URBN,long_call,B1x80C@2026-05-08,18,NA_no_data,7afa098,live,UNCALIBRATED,0.0,NA_no_data,NA_no_data,NA_no_data,0.0,NA_not_implemented,NA_not_implemented,NA_not_implemented,NA_not_implemented,NA_not_implemented,NA_not_implemented,NA_no_data,NA_no_data,NA_not_implemented,NA_not_implemented,NA_not_implemented,NA_not_implemented,NA_not_implemented,NA_not_implemented,NA_not_implemented,power_hour,actual_fill,1.75,none_real_fill,managed_exit_first_trigger,"target +50% of debit OR stop -50% of debit OR time stop at 7 DTE, whichever first; stop checked BEFORE target",loss,2026-07-28T22:57:39.765898-04:00,actual_fill,NA_no_data,stop_loss,-219.6,-215.0,4.6,-0.6274,-0.6274,NA_not_implemented,NA_not_implemented,143026,3,managed_policy,NA_not_implemented,NA_not_implemented,NA_not_implemented,NA_not_implemented,NA_not_implemented,NA_no_data,NA_no_data,NA_no_data,NA_no_data,NA_no_data,NA_no_data,NA_no_data,NA_no_data,NA_no_data,NA_no_data,NA_no_data,NA_no_data,NA_no_data,NA_no_data,NA_no_data,NA_no_data,NA_no_data,NA_no_data,NA_no_data,NA_no_data,NA_no_data,NA_no_data,NA_no_data,NA_no_data,NA_no_data,NA_no_data,NA_no_data,NA_no_data,NA_no_data,NA_no_data,NA_no_data,NA_no_data
live:rhd7ecb45564,2026-04-15T14:51:40.909000-04:00,LONG,NFLX,long_call,B1x113C@2026-04-24,9,NA_no_data,7afa098,live,UNCALIBRATED,0.0,NA_no_data,NA_no_data,NA_no_data,0.0,NA_not_implemented,NA_not_implemented,NA_not_implemented,NA_not_implemented,NA_not_implemented,NA_not_implemented,NA_no_data,NA_no_data,NA_not_implemented,NA_not_implemented,NA_not_implemented,NA_not_implemented,NA_not_implemented,NA_not_implemented,NA_not_implemented,midday,actual_fill,2.03,none_real_fill,managed_exit_first_trigger,"target +50% of debit OR stop -50% of debit OR time stop at 7 DTE, whichever first; stop checked BEFORE target",loss,2026-07-28T22:57:39.765898-04:00,actual_fill,NA_no_data,stop_loss,-401.6,-397.0,4.6,-0.9892,-0.9892,NA_not_implemented,NA_not_implemented,150246,2,managed_policy,NA_not_implemented,NA_not_implemented,NA_not_implemented,NA_not_implemented,NA_not_implemented,NA_no_data,NA_no_data,NA_no_data,NA_no_data,NA_no_data,NA_no_data,NA_no_data,NA_no_data,NA_no_data,NA_no_data,NA_no_data,NA_no_data,NA_no_data,NA_no_data,NA_no_data,NA_no_data,NA_no_data,NA_no_data,NA_no_data,NA_no_data,NA_no_data,NA_no_data,NA_no_data,NA_no_data,NA_no_data,NA_no_data,NA_no_data,NA_no_data,NA_no_data,NA_no_data,NA_no_data,NA_no_data
live:rh6aec9ef358,2026-04-15T10:14:55.402000-04:00,LONG,GOOGL,long_call,B1x365C@2026-05-01,16,NA_no_data,7afa098,live,UNCALIBRATED,0.0,NA_no_data,NA_no_data,NA_no_data,0.0,NA_not_implemented,NA_not_implemented,NA_not_implemented,NA_not_implemented,NA_not_implemented,NA_not_implemented,NA_no_data,NA_no_data,NA_not_implemented,NA_not_implemented,NA_not_implemented,NA_not_implemented,NA_not_implemented,NA_not_implemented,NA_not_implemented,morning,actual_fill,2.37,none_real_fill,managed_exit_first_trigger,"target +50% of debit OR stop -50% of debit OR time stop at 7 DTE, whichever first; stop checked BEFORE target",win,2026-07-28T22:57:39.765898-04:00,actual_fill,NA_no_data,time_stop,52.7,55.0,2.3,0.2224,0.2224,NA_not_implemented,NA_not_implemented,150523,9,managed_policy,NA_not_implemented,NA_not_implemented,NA_not_implemented,NA_not_implemented,NA_not_implemented,NA_no_data,NA_no_data,NA_no_data,NA_no_data,NA_no_data,NA_no_data,NA_no_data,NA_no_data,NA_no_data,NA_no_data,NA_no_data,NA_no_data,NA_no_data,NA_no_data,NA_no_data,NA_no_data,NA_no_data,NA_no_data,NA_no_data,NA_no_data,NA_no_data,NA_no_data,NA_no_data,NA_no_data,NA_no_data,NA_no_data,NA_no_data,NA_no_data,NA_no_data,NA_no_data,NA_no_data,NA_no_data
live:rh3c2590505b,2026-04-10T09:31:19.454000-04:00,LONG,NVDA,long_call,B1x205C@2026-05-22,42,NA_no_data,7afa098,live,UNCALIBRATED,0.0,NA_no_data,NA_no_data,NA_no_data,0.0,NA_not_implemented,NA_not_implemented,NA_not_implemented,NA_not_implemented,NA_not_implemented,NA_not_implemented,NA_no_data,NA_no_data,NA_not_implemented,NA_not_implemented,NA_not_implemented,NA_not_implemented,NA_not_implemented,NA_not_implemented,NA_not_implemented,open,actual_fill,2.76,none_real_fill,managed_exit_first_trigger,"target +50% of debit OR stop -50% of debit OR time stop at 7 DTE, whichever first; stop checked BEFORE target",win,2026-07-28T22:57:39.765898-04:00,actual_fill,NA_no_data,profit_target,389.2,391.5,2.3,1.4101,1.4101,NA_not_implemented,NA_not_implemented,157766,4,managed_policy,NA_not_implemented,NA_not_implemented,NA_not_implemented,NA_not_implemented,NA_not_implemented,NA_no_data,NA_no_data,NA_no_data,NA_no_data,NA_no_data,NA_no_data,NA_no_data,NA_no_data,NA_no_data,NA_no_data,NA_no_data,NA_no_data,NA_no_data,NA_no_data,NA_no_data,NA_no_data,NA_no_data,NA_no_data,NA_no_data,NA_no_data,NA_no_data,NA_no_data,NA_no_data,NA_no_data,NA_no_data,NA_no_data,NA_no_data,NA_no_data,NA_no_data,NA_no_data,NA_no_data,NA_no_data
live:rh207551d156,2026-04-10T09:30:02.181000-04:00,LONG,TSLA,long_call,B1x390C@2026-05-01,21,NA_no_data,7afa098,live,UNCALIBRATED,0.0,NA_no_data,NA_no_data,NA_no_data,0.0,NA_not_implemented,NA_not_implemented,NA_not_implemented,NA_not_implemented,NA_not_implemented,NA_not_implemented,NA_no_data,NA_no_data,NA_not_implemented,NA_not_implemented,NA_not_implemented,NA_not_implemented,NA_not_implemented,NA_not_implemented,NA_not_implemented,open,actual_fill,3.75,none_real_fill,managed_exit_first_trigger,"target +50% of debit OR stop -50% of debit OR time stop at 7 DTE, whichever first; stop checked BEFORE target",win,2026-07-28T22:57:39.765898-04:00,actual_fill,NA_no_data,profit_target,272.7,275.0,2.3,0.7272,0.7272,NA_not_implemented,NA_not_implemented,157768,4,managed_policy,NA_not_implemented,NA_not_implemented,NA_not_implemented,NA_not_implemented,NA_not_implemented,NA_no_data,NA_no_data,NA_no_data,NA_no_data,NA_no_data,NA_no_data,NA_no_data,NA_no_data,NA_no_data,NA_no_data,NA_no_data,NA_no_data,NA_no_data,NA_no_data,NA_no_data,NA_no_data,NA_no_data,NA_no_data,NA_no_data,NA_no_data,NA_no_data,NA_no_data,NA_no_data,NA_no_data,NA_no_data,NA_no_data,NA_no_data,NA_no_data,NA_no_data,NA_no_data,NA_no_data,NA_no_data
